Timestamp, Acceleration x, Acceleration y, Acceleration z, Marker
10,-0.0439453,-0.70459,-0.823242,0
50,-0.0449219,-0.703613,-0.822754,0
70,-0.0419922,-0.703125,-0.818848,0
90,-0.0458984,-0.709473,-0.821777,0
110,-0.0419922,-0.703125,-0.821777,0
120,-0.0439453,-0.705566,-0.822266,0
120,-0.0429688,-0.706543,-0.823242,0
170,-0.0405273,-0.69873,-0.825195,0
190,-0.0463867,-0.70752,-0.818848,0
210,-0.0483398,-0.703613,-0.825195,0
230,-0.0444336,-0.94043,-0.961426,0
250,0.837891,0.0595703,-0.77002,0
270,0.0395508,-0.588867,-1.4248,0
290,-0.571777,-1.83545,-0.978516,0
310,0.602539,-2.05566,-0.0957031,0
330,0.209961,-2.23242,-0.277832,0
350,-0.764648,0.298828,-0.819824,0
370,-1.02197,-0.416504,-1.64502,0
390,-0.345703,-0.504883,0.0698242,0
410,-0.845703,-0.625977,-0.596191,0
430,0.174316,-0.839844,-0.365234,0
450,0.245117,-0.746582,-0.549316,0
470,0.470215,-0.641602,-1.11133,0
490,0.248535,-0.466797,-1.02734,0
510,-0.260254,-0.37793,-1.00342,0
530,-0.40918,-0.427734,-0.661133,0
550,-0.21582,-0.37207,-0.827637,0
570,-0.130371,-0.322266,-0.956543,0
590,-0.180176,-0.175293,-0.837891,0
610,-0.322266,-0.132324,-0.875488,0
630,-0.30127,-0.111816,-0.933594,0
650,-0.272461,0.00976562,-1.08105,0
670,-0.263672,0.177246,-1.12305,0
690,-0.22998,0.319824,-1.19971,0
710,-0.0756836,0.279785,-0.930176,0
730,-0.267578,0.394043,-0.879883,0
750,-0.441406,0.0810547,-1.13281,0
770,-0.232422,0.682129,-1.21289,0
790,-0.306641,0.941895,-1.21387,0
810,-0.422852,0.823242,-0.806152,0
830,-0.150879,0.684082,-0.769043,0
850,-0.0336914,0.945801,-0.668457,0
870,0.14502,0.663574,-0.477051,0
890,-0.03125,0.515137,-0.0585938,0
910,0.226562,0.626953,0.074707,0
930,0.28125,0.789551,0.337891,0
950,0.0996094,0.543457,0.687988,0
970,-0.0102539,0.298828,0.79541,0
990,-0.283203,0.432617,0.446777,0
1010,-0.796387,0.831055,-0.313965,0
1030,-0.623535,1.06982,-0.451172,0
1040,-0.31543,1.01709,-0.552734,0
1060,-0.186523,0.872559,-0.770996,0
1080,-0.0888672,0.853027,-1.06885,0
1100,-0.0141602,0.898926,-0.729492,0
1120,-0.0830078,0.974121,-0.595215,0
1140,-0.442383,0.769043,-0.410645,0
1160,-0.348633,0.797363,-0.368164,0
1180,-0.0102539,0.847656,-0.428711,0
1200,0.14209,0.890625,-0.511719,0
1220,-0.0419922,0.778809,-0.598145,0
1240,0.169434,0.694336,-0.690918,0
1260,0.0615234,0.789551,-0.901367,0
1280,-0.0322266,0.765625,-1.00439,0
1300,-0.0800781,0.575195,-1.1665,0
1320,0.0878906,0.478027,-1.1582,0
1340,0.243652,0.489746,-1.04932,0
1360,0.338379,0.69873,-1.03223,0
1380,0.224121,0.730957,-1.04883,0
1400,0.128418,0.711426,-0.955566,0
1420,0.200195,0.76416,-1.05566,0
1440,0,0.827637,-0.995117,0
1460,-0.147949,0.825684,-0.735352,0
1480,-0.186035,0.754883,-0.519043,0
1500,-0.321777,0.760742,-0.243164,0
1520,-0.495117,0.752441,-0.0361328,0
1540,-0.462402,0.774902,-0.0175781,0
1560,-0.568359,0.81543,-0.0595703,0
1580,-0.421875,0.791504,-0.288086,0
1600,-0.279785,0.788086,-0.540039,0
1620,-0.431641,0.796875,-0.544434,0
1640,-0.233887,0.837402,-0.589844,0
1660,-0.0429688,0.975586,-0.639648,0
1680,-0.20459,0.814453,-0.42041,0
1700,0.153809,0.970703,-0.331543,0
1720,0.254395,1.09131,-0.350586,0
1740,0,1.03613,-0.207031,0
1760,-0.0395508,1.03223,-0.231445,0
1780,-0.0751953,1.03955,-0.287598,0
1800,-0.195312,0.985352,-0.388672,0
1820,-0.306641,0.883789,-0.724609,0
1840,-0.160156,0.969238,-0.551758,0
1860,-0.383301,0.865723,-0.539551,0
1880,-0.301758,0.895508,-0.494629,0
1900,-0.236816,0.840332,-0.588379,0
1920,-0.180664,0.91748,-0.522461,0
1940,-0.319336,0.797852,-0.550293,0
1960,-0.26709,0.858398,-0.565918,0
1980,-0.209473,0.862305,-0.626465,0
2000,-0.271973,0.82959,-0.574219,0
2020,-0.191406,0.844238,-0.54541,0
2040,-0.179199,0.838867,-0.506836,0
2060,-0.29541,0.86377,-0.393555,0
2080,-0.20166,0.922852,-0.57959,0
2100,-0.210449,0.923828,-0.489258,0
2120,-0.0966797,0.87793,-0.486328,0
2140,-0.0668945,0.92041,-0.493652,0
2160,-0.14502,0.683594,-0.215332,0
2180,-0.108887,0.995605,-0.0600586,0
2200,-0.255371,0.830566,-0.518066,0
2220,-0.102539,0.990723,-0.427734,0
2240,0.000488281,0.947266,-0.879395,0
2260,0.0830078,0.967285,-0.624023,0
2280,0.00585938,0.728027,-0.435547,0
2300,-0.772461,1.01367,-0.171387,0
2320,-0.959473,1.04053,-0.637207,0
2340,-0.279297,1.16602,-0.287598,0
2360,-0.175293,0.844727,-0.363281,0
2380,-0.105957,0.812012,-0.63916,0
2400,0.180664,0.987793,-0.361816,0
2420,-0.0698242,0.961914,-0.417969,0
2440,-0.152832,0.912598,-0.271484,0
2460,-0.352539,0.832031,-0.243652,0
2480,-0.335938,0.894531,-0.19043,0
2500,-0.20166,0.964355,-0.181152,0
2520,-0.140137,0.950684,-0.203613,0
2540,-0.0566406,0.930176,-0.274414,0
2560,-0.0327148,0.990723,-0.255371,0
2580,-0.131836,0.979004,-0.286133,0
2600,-0.152832,0.960938,-0.283203,0
2620,-0.161133,1.02197,-0.233887,0
2640,-0.167969,0.955566,-0.308594,0
2660,-0.114746,0.980469,-0.265625,0
2680,-0.108887,0.976562,-0.229004,0
2700,-0.11084,0.943848,-0.213379,0
2720,-0.16748,0.990234,-0.243652,0
2740,-0.17041,0.998535,-0.297363,0
2760,-0.150391,1.03223,-0.306152,0
2780,-0.153809,0.978027,-0.27832,0
2800,-0.162598,0.994141,-0.224609,0
2820,-0.165039,0.950684,-0.245117,0
2840,-0.160645,0.953613,-0.276855,0
2860,-0.137207,0.960938,-0.258301,0
2880,-0.117676,0.959961,-0.279785,0
2900,-0.101562,0.967285,-0.265137,0
2920,-0.113281,0.937012,-0.329102,0
2940,-0.106934,1.00537,-0.318359,0
2960,-0.146973,0.98584,-0.336426,0
2980,-0.146973,0.991211,-0.258789,0
3000,-0.174316,0.959961,-0.264648,0
3020,-0.200684,0.981934,-0.229492,0
3040,-0.220703,0.956055,-0.266113,0
3060,-0.191406,0.952637,-0.286621,0
3080,-0.160156,0.962402,-0.294922,0
3100,-0.124023,0.960449,-0.302246,0
3120,-0.118164,0.969238,-0.303711,0
3140,-0.120605,0.981445,-0.306641,0
3160,-0.138672,0.968262,-0.29834,0
3180,-0.151367,0.96875,-0.285156,0
3200,-0.147461,0.986816,-0.254883,0
3220,-0.157227,0.970215,-0.244629,0
3240,-0.15625,0.974121,-0.226074,0
3260,-0.169922,0.985352,-0.24707,0
3280,-0.185059,0.992676,-0.269043,0
3300,-0.166992,0.982422,-0.279297,0
3320,-0.143555,0.987793,-0.286621,0
3340,-0.137695,0.98291,-0.265625,0
3360,-0.155762,0.956543,-0.28125,0
3380,-0.165527,0.963867,-0.287598,0
3400,-0.164551,0.962402,-0.299316,0
3420,-0.168945,0.967285,-0.303711,0
3440,-0.145508,0.976074,-0.302734,0
3460,-0.154785,0.964355,-0.305176,0
3480,-0.149414,0.954102,-0.291992,0
3500,-0.142578,0.939453,-0.305176,0
3520,-0.152344,0.957031,-0.297852,0
3540,-0.153809,0.958496,-0.29541,0
3560,-0.147461,0.970703,-0.282715,0
3570,-0.152344,0.950195,-0.268066,0
3590,-0.154297,0.966309,-0.282227,0
3610,-0.162598,0.984375,-0.301758,0
3630,-0.177734,0.976562,-0.3125,0
3650,-0.200195,0.972656,-0.30957,0
3670,-0.203613,0.950684,-0.306152,0
3690,-0.183594,0.957031,-0.295898,0
3710,-0.151367,0.931641,-0.308105,0
3730,-0.123535,0.95459,-0.303711,0
3750,-0.122559,0.976562,-0.326172,0
3770,-0.139648,0.989258,-0.299805,0
3790,-0.185547,0.96875,-0.293945,0
3810,-0.183105,0.977539,-0.270996,0
3830,-0.182129,0.973633,-0.260254,0
3850,-0.192871,0.98291,-0.268555,0
3870,-0.196289,0.976074,-0.28125,0
3890,-0.207031,0.97168,-0.28418,0
3910,-0.194824,0.949707,-0.293457,0
3930,-0.165527,0.947266,-0.324707,0
3950,-0.174316,0.966309,-0.336914,0
3970,-0.187988,0.969238,-0.335938,0
3990,-0.199707,0.949219,-0.317871,0
4010,-0.189941,0.946777,-0.280762,0
4030,-0.161621,0.95166,-0.272949,0
4050,-0.14209,0.950195,-0.278809,0
4070,-0.151855,0.978027,-0.283203,0
4090,-0.168945,0.989746,-0.29834,0
4110,-0.186523,0.971191,-0.288086,0
4130,-0.194336,0.97998,-0.27832,0
4150,-0.176758,0.966309,-0.272949,0
4170,-0.174316,0.962402,-0.290527,0
4190,-0.173828,0.970215,-0.293457,0
4210,-0.177734,0.978516,-0.301758,0
4230,-0.190918,0.969727,-0.293945,0
4250,-0.201172,0.942383,-0.3125,0
4270,-0.193359,0.964355,-0.314453,0
4290,-0.181641,0.947754,-0.333008,0
4310,-0.174805,0.965332,-0.328613,0
4330,-0.150391,0.969727,-0.303223,0
4350,-0.17041,0.962891,-0.269531,0
4370,-0.165527,0.968262,-0.271484,0
4390,-0.186035,0.957031,-0.262695,0
4410,-0.185059,0.96582,-0.283203,0
4430,-0.17627,0.946777,-0.305176,0
4450,-0.186035,0.955078,-0.316406,0
4470,-0.176758,0.971191,-0.3125,0
4490,-0.180176,0.958496,-0.291016,0
4510,-0.19043,0.974121,-0.296387,0
4530,-0.216309,0.963379,-0.300781,0
4550,-0.217773,0.967285,-0.310059,0
4570,-0.20166,0.978027,-0.301758,0
4590,-0.175293,0.967285,-0.288574,0
4610,-0.165039,0.969238,-0.28125,0
4630,-0.174805,0.956055,-0.290527,0
4650,-0.198242,0.95166,-0.311523,0
4670,-0.195312,0.929688,-0.329102,0
4690,-0.196289,0.978516,-0.325195,0
4710,-0.180176,0.944336,-0.313477,0
4730,-0.189453,0.932617,-0.296875,0
4750,-0.171875,0.970703,-0.273926,0
4770,-0.160156,0.963867,-0.291016,0
4790,-0.17627,0.970215,-0.299316,0
4810,-0.179688,0.981934,-0.275391,0
4830,-0.179688,0.958496,-0.275879,0
4850,-0.180664,0.977051,-0.277344,0
4870,-0.177734,0.981934,-0.290039,0
4890,-0.213379,0.970703,-0.316895,0
4910,-0.214355,0.967285,-0.308594,0
4930,-0.199219,0.956543,-0.299805,0
4950,-0.184082,0.963867,-0.300781,0
4970,-0.177734,0.977051,-0.314941,0
4990,-0.186523,0.975586,-0.29834,0
5010,-0.202148,0.964844,-0.284668,0
5030,-0.214844,0.951172,-0.293457,0
5050,-0.226074,0.975586,-0.279297,0
5070,-0.198242,0.949707,-0.305664,0
5090,-0.179688,0.958984,-0.291992,0
5110,-0.169922,0.960938,-0.285645,0
5130,-0.190918,0.949219,-0.313965,0
5150,-0.199707,0.963379,-0.310059,0
5170,-0.181152,0.953613,-0.292969,0
5190,-0.189453,0.935547,-0.28125,0
5210,-0.197266,0.944336,-0.29248,0
5230,-0.197266,0.950195,-0.314941,0
5250,-0.195312,0.95166,-0.329102,0
5270,-0.190918,0.958984,-0.32959,0
5290,-0.206055,0.958008,-0.313965,0
5310,-0.200195,0.951172,-0.308594,0
5330,-0.211426,0.969238,-0.296387,0
5350,-0.206543,0.969238,-0.303223,0
5370,-0.197754,0.964355,-0.305664,0
5390,-0.195801,0.973145,-0.294922,0
5410,-0.197266,0.958984,-0.296875,0
5430,-0.205078,0.964355,-0.287109,0
5450,-0.197266,0.956543,-0.308105,0
5470,-0.196289,0.95459,-0.296387,0
5490,-0.192871,0.94873,-0.305664,0
5510,-0.186523,0.961914,-0.309082,0
5530,-0.202148,0.969727,-0.315918,0
5550,-0.217773,0.964355,-0.302246,0
5570,-0.218262,0.973145,-0.299805,0
5590,-0.229004,0.970215,-0.296875,0
5610,-0.21875,0.961426,-0.313965,0
5630,-0.166992,0.943848,-0.32666,0
5650,-0.0664062,0.924805,-0.341797,0
5670,0.0629883,0.903809,-0.34082,0
5690,0.179199,0.519043,-0.0273438,0
5710,0.34375,0.733887,0.0751953,0
5730,0.339844,0.405762,-0.109863,0
5750,0.341309,0.331055,-0.193848,0
5770,0.286133,0.258789,-0.437012,0
5790,0.059082,0.282715,-1.63574,0
5810,-1.27588,-0.54834,-1.67969,0
5830,-0.65625,-2.18018,-0.921387,0
5850,-0.877441,-0.751953,-1.98877,0
5870,-1.04395,0.0161133,-2.36914,0
5890,-0.770508,-0.527344,-1.00977,0
5910,-0.40332,-0.00585938,-1.04199,0
5930,-0.285156,-0.227051,-1.0498,0
5950,0.0498047,-0.654297,-0.398926,0
5970,-0.214355,-0.202148,-0.780762,0
5990,0.200195,0.395508,-0.953613,0
6010,0.325195,0.165527,-1.11523,0
6030,-0.339355,-0.391602,-1.65381,0
6050,-0.378906,-0.0698242,-1.54004,0
6070,-0.355469,-0.290039,-1.23877,0
6090,-0.329102,-0.47998,-0.928223,0
6110,-0.231934,-0.360352,-0.87207,0
6120,-0.190918,-0.179199,-0.955566,0
6140,-0.193359,-0.231445,-1.14648,0
6160,-0.154297,-0.0302734,-1.31738,0
6180,0.0429688,-0.132812,-1.33203,0
6200,0.0932617,-0.015625,-1.32227,0
6220,-0.043457,-0.13623,-0.955566,0
6240,-0.231445,-0.333984,-0.950684,0
6260,-0.443848,-0.374512,-0.922852,0
6280,-0.678223,-0.347168,-1.05371,0
6300,-0.416016,-0.147949,-1.0835,0
6320,-0.67334,-0.203613,-1.48145,0
6340,-0.390625,-0.00537109,-1.38965,0
6360,-0.20166,0.0664062,-1.27197,0
6380,-0.0986328,0.0170898,-1.27344,0
6400,0.0566406,0.425781,-0.908691,0
6420,-0.472168,-0.0507812,-0.585938,0
6440,-0.941895,-0.421387,-1.05615,0
6460,-1.22217,-0.000488281,-0.765137,0
6480,-0.191895,0.183594,-1.00293,0
6500,-1.34912,-0.394531,-1.32373,0
6520,-0.726562,0.324219,-0.28125,0
6540,0.527832,0.839844,-0.62793,0
6560,1.21387,1.51758,0.0981445,0
6580,-0.254883,0.386719,-1.0127,0
6600,-0.757324,0.772949,-0.72998,0
6620,-1.51758,0.195801,-1.60596,0
6640,-0.995605,0.520508,-1.23633,0
6660,0.175781,0.392578,-0.311035,0
6680,0.28125,0.756836,0.03125,0
6700,-0.20166,1.03809,-0.753906,0
6720,-0.505371,1.16211,-0.841797,0
6740,0.0253906,0.90625,-1.08057,0
6760,-0.0771484,0.811523,-0.345215,0
6780,-0.360352,0.795898,-0.0424805,0
6800,-0.30957,0.859375,0.0429688,0
6820,-0.269043,0.803711,0.0810547,0
6840,-0.559082,0.70752,0.121582,0
6860,-0.710449,0.639648,0.165527,0
6880,-0.495605,0.702148,-0.124023,0
6900,-0.833496,0.947754,-0.615234,0
6920,-0.224609,1.13672,-1.20459,0
6940,-0.953125,1.1748,-1.15283,0
6960,-1.46973,0.968262,-0.547363,0
6980,-0.471191,1.36865,0.800293,0
7000,-0.366211,1.1958,0.259766,0
7020,0.437012,0.173828,-1.0874,0
7040,0.724609,0.512695,1.21924,0
7060,0.0932617,0.56543,0.21875,0
7080,-0.233398,0.164551,0.405762,0
7100,-0.0522461,-0.438477,0.384277,0
7120,0.307129,-1.03564,-0.0986328,0
7140,0.452637,-0.986328,0.329102,0
7160,0.580078,-0.685547,1.50879,0
7180,0.384277,-0.854492,1.54346,0
7200,-0.189453,-1.30322,1.62402,0
7220,-0.389648,-1.47363,1.19141,0
7240,-0.30127,-1.1626,1.03076,0
7260,0.125488,-0.790527,0.927246,0
7280,0.199219,-0.679688,0.747559,0
7300,0.0654297,-0.453125,0.751465,0
7320,-0.24707,-0.141602,0.979492,0
7340,-0.0986328,0.995605,0.907715,0
7360,0.226562,1.11377,0.131836,0
7380,0.175781,0.901367,0.109863,0
7400,-0.00439453,0.996582,0.126465,0
7420,0.194824,1.15771,0.249512,0
7440,0.195312,1.06934,0.745117,0
7460,0.257812,0.129883,0.721191,0
7480,0.152344,0.0820312,0.762207,0
7500,-0.00292969,0.249023,1.07666,0
7520,-0.243164,0.15918,1.10449,0
7540,-0.33252,0.0786133,0.90332,0
7560,-0.256836,0.251953,0.731934,0
7580,-0.154297,0.517578,0.661133,0
7600,0.185547,0.740723,0.677246,0
7620,0.199707,0.538574,0.646484,0
7640,-0.0239258,0.640625,0.633789,0
7660,-0.20459,0.632324,0.743652,0
7680,-0.389648,0.637695,0.928711,0
7700,-0.45752,0.45459,0.693848,0
7720,-0.408691,0.557129,0.67041,0
7740,-0.789062,0.0356445,0.306152,0
7760,-0.494629,0.630371,0.854492,0
7780,-0.463379,0.600586,0.704102,0
7800,-0.361816,0.492676,0.688477,0
7820,-0.27002,0.458008,0.549805,0
7840,-0.217285,0.526855,0.52002,0
7860,-0.300293,0.558105,0.599609,0
7880,-0.488281,0.534668,0.489258,0
7900,-0.802734,0.624023,0.34375,0
7920,-1.04395,0.438965,0.0244141,0
7940,-1.17334,0.0932617,-0.161133,0
7960,-0.751953,0.584473,-0.20459,0
7980,-1.30615,1.18213,0.178711,0
8000,-1.17139,0.823242,-0.425293,0
8020,-0.918945,0.596191,-0.378906,0
8040,-0.95166,0.498047,-0.153809,0
8060,-0.787109,0.814453,0.267578,0
8080,-0.746582,0.746582,0.354004,0
8100,-0.64502,0.554199,0.337891,0
8120,-0.648438,0.507812,0.280273,0
8140,-0.597168,0.734863,0.478027,0
8160,-0.501465,0.694824,0.267578,0
8180,-0.499023,0.719727,0.246094,0
8200,-0.711914,0.73877,0.218262,0
8220,-0.912598,0.604004,0.175293,0
8240,-0.812988,0.589844,0.234863,0
8260,-0.655273,0.611328,0.308594,0
8280,-0.537598,0.627441,0.318848,0
8300,-0.421875,0.62793,0.391113,0
8320,-0.438965,0.609863,0.443848,0
8340,-0.585449,0.720703,0.501953,0
8360,-0.697266,0.59668,0.392578,0
8380,-0.747559,0.561523,0.372559,0
8400,-0.729004,0.623047,0.297852,0
8420,-0.701172,0.656738,0.379395,0
8440,-0.549316,0.657227,0.432129,0
8460,-0.54541,0.664062,0.425293,0
8480,-0.558105,0.636719,0.42627,0
8500,-0.57959,0.652344,0.436035,0
8520,-0.602051,0.65625,0.364746,0
8540,-0.624023,0.695312,0.369629,0
8560,-0.65625,0.712891,0.32666,0
8580,-0.692383,0.744141,0.3125,0
8600,-0.660645,0.703613,0.282715,0
8620,-0.522461,0.757324,0.321777,0
8640,-0.424805,0.773926,0.383301,0
8660,-0.469727,0.693359,0.413574,0
8670,-0.517578,0.61377,0.435059,0
8690,-0.562988,0.597168,0.469238,0
8710,-0.53125,0.65918,0.552246,0
8730,-0.445312,0.663574,0.555664,0
8750,-0.451172,0.735352,0.527344,0
8770,-0.497559,0.621582,0.541016,0
8790,-0.391113,0.609863,0.493164,0
8810,-0.437012,0.478027,0.40332,0
8830,-0.38916,0.657227,0.687988,0
8850,-0.250488,0.524414,0.615723,0
8870,-0.0595703,0.458008,0.695312,0
8890,0.0390625,0.551758,0.885742,0
8910,-0.0356445,0.513672,0.895508,0
8930,-0.118652,0.402344,0.766602,0
8950,-0.243164,0.506836,0.673828,0
8970,-0.308105,0.640137,0.617188,0
8990,-0.301758,0.684082,0.546875,0
9010,-0.294922,0.704102,0.533203,0
9030,-0.262695,0.757812,0.612305,0
9050,-0.214844,0.766113,0.588867,0
9070,-0.209961,0.700684,0.591797,0
9090,-0.228027,0.646973,0.589844,0
9110,-0.216309,0.693848,0.629883,0
9130,-0.179688,0.66748,0.609863,0
9150,-0.157227,0.665527,0.599121,0
9170,-0.197266,0.676758,0.578125,0
9190,-0.302734,0.713379,0.646973,0
9210,-0.349609,0.634277,0.601562,0
9230,-0.308594,0.620605,0.65625,0
9250,-0.246582,0.633789,0.671387,0
9270,-0.180176,0.638672,0.686035,0
9290,-0.168457,0.625977,0.664062,0
9310,-0.220703,0.645996,0.659668,0
9330,-0.273438,0.632812,0.643555,0
9350,-0.290039,0.648438,0.650879,0
9370,-0.26416,0.668457,0.617676,0
9390,-0.217285,0.69043,0.638672,0
9410,-0.213867,0.666992,0.607422,0
9430,-0.256836,0.67627,0.618652,0
9450,-0.276367,0.665039,0.595703,0
9470,-0.249512,0.672852,0.584473,0
9490,-0.214355,0.671387,0.575684,0
9510,-0.190918,0.668945,0.588867,0
9530,-0.165527,0.652344,0.626465,0
9550,-0.171875,0.625,0.660645,0
9570,-0.200684,0.619141,0.679199,0
9590,-0.257324,0.617676,0.686523,0
9610,-0.299805,0.641113,0.663086,0
9630,-0.290039,0.655273,0.64209,0
9650,-0.270996,0.69043,0.629395,0
9670,-0.254883,0.690918,0.61377,0
9690,-0.225586,0.687988,0.623047,0
9710,-0.217285,0.669922,0.629395,0
9730,-0.216797,0.649902,0.62793,0
9750,-0.216309,0.657715,0.637695,0
9770,-0.202637,0.646973,0.615723,0
9790,-0.222168,0.646973,0.645996,0
9810,-0.259277,0.634766,0.65332,0
9830,-0.282227,0.631348,0.650391,0
9850,-0.277344,0.646973,0.630859,0
9870,-0.273926,0.674805,0.589844,0
9890,-0.21582,0.690918,0.562988,0
9910,-0.179199,0.697754,0.564941,0
9930,-0.162109,0.697754,0.581543,0
9950,-0.160156,0.673828,0.631348,0
9970,-0.194336,0.636719,0.648438,0
9990,-0.258301,0.621582,0.701172,0
10010,-0.291016,0.608887,0.692871,0
10030,-0.29248,0.633789,0.67627,0
10050,-0.277344,0.64209,0.64209,0
10070,-0.255859,0.675781,0.630371,0
10090,-0.217773,0.663574,0.61084,0
10110,-0.187988,0.654785,0.619141,0
10130,-0.181641,0.672363,0.630859,0
10150,-0.174316,0.658691,0.622559,0
10170,-0.188477,0.666504,0.617188,0
10190,-0.252441,0.684082,0.631348,0
10210,-0.287109,0.668457,0.639648,0
10230,-0.293945,0.64502,0.634277,0
10250,-0.272949,0.638184,0.64209,0
10270,-0.227051,0.654297,0.65332,0
10290,-0.193848,0.658203,0.639648,0
10310,-0.185059,0.645508,0.609863,0
10330,-0.201172,0.663086,0.604492,0
10350,-0.219727,0.666992,0.604004,0
10370,-0.21582,0.662109,0.624512,0
10390,-0.223633,0.665527,0.639648,0
10410,-0.239258,0.669922,0.631836,0
10430,-0.251953,0.666016,0.623047,0
10450,-0.25293,0.67627,0.601074,0
10470,-0.232422,0.695801,0.598145,0
10490,-0.211426,0.68457,0.590332,0
10510,-0.217773,0.682129,0.609375,0
10530,-0.22168,0.661133,0.625,0
10550,-0.234863,0.639648,0.638184,0
10570,-0.23877,0.63916,0.651367,0
10590,-0.234863,0.651367,0.642578,0
10610,-0.227539,0.65625,0.638184,0
10630,-0.231934,0.654297,0.620117,0
10650,-0.230957,0.672363,0.635742,0
10670,-0.217773,0.658203,0.615234,0
10690,-0.19043,0.65625,0.642578,0
10710,-0.213379,0.648926,0.658691,0
10730,-0.265137,0.631348,0.665527,0
10750,-0.259277,0.635254,0.661621,0
10770,-0.250977,0.652832,0.624023,0
10790,-0.245605,0.678711,0.610352,0
10810,-0.228516,0.681641,0.593262,0
10830,-0.19873,0.679199,0.594238,0
10850,-0.194336,0.685059,0.630371,0
10870,-0.236328,0.657227,0.640625,0
10890,-0.267578,0.621582,0.666504,0
10910,-0.282715,0.60791,0.669434,0
10930,-0.259277,0.606445,0.674316,0
10950,-0.225098,0.62793,0.666504,0
10970,-0.195312,0.65918,0.646973,0
10990,-0.194824,0.668457,0.62207,0
11010,-0.232422,0.66748,0.619629,0
11030,-0.264648,0.680176,0.623047,0
11050,-0.273926,0.664551,0.61377,0
11070,-0.258301,0.646973,0.625488,0
11090,-0.23877,0.64209,0.633789,0
11110,-0.208984,0.631836,0.66748,0
11130,-0.207031,0.601562,0.672363,0
11150,-0.20752,0.612305,0.691895,0
11170,-0.217285,0.62793,0.68457,0
11190,-0.250488,0.638672,0.669434,0
11210,-0.267578,0.666504,0.628906,0
11230,-0.272461,0.688965,0.600098,0
11240,-0.254395,0.703125,0.572754,0
11260,-0.210938,0.701172,0.563965,0
11280,-0.178223,0.698242,0.585938,0
11300,-0.178711,0.67334,0.610352,0
11320,-0.203125,0.638184,0.645996,0
11340,-0.231934,0.612793,0.682617,0
11360,-0.258789,0.602539,0.703125,0
11380,-0.257324,0.599121,0.692871,0
11400,-0.249512,0.621094,0.684082,0
11420,-0.248535,0.644531,0.649902,0
11440,-0.244629,0.663086,0.619141,0
11460,-0.22168,0.672852,0.595215,0
11480,-0.202637,0.688965,0.597168,0
11500,-0.205078,0.665039,0.605957,0
11520,-0.1875,0.660645,0.630859,0
11540,-0.197754,0.647461,0.652344,0
11560,-0.213379,0.636719,0.675293,0
11580,-0.233887,0.633789,0.688477,0
11600,-0.266113,0.625,0.678223,0
11620,-0.266113,0.625,0.662598,0
11640,-0.230957,0.650879,0.621582,0
11660,-0.203613,0.671387,0.60791,0
11680,-0.192383,0.672852,0.606445,0
11700,-0.174316,0.671387,0.630859,0
11720,-0.179688,0.674805,0.642578,0
11740,-0.222168,0.668945,0.625977,0
11760,-0.255859,0.668457,0.61377,0
11780,-0.232422,0.672363,0.59082,0
11800,-0.204102,0.681641,0.600586,0
11820,-0.189941,0.688477,0.632324,0
11840,-0.191406,0.670898,0.641602,0
11860,-0.203613,0.655273,0.663086,0
11880,-0.234863,0.658203,0.649902,0
11900,-0.256836,0.66748,0.645996,0
11920,-0.241211,0.661621,0.612305,0
11940,-0.213867,0.67334,0.600098,0
11960,-0.179199,0.694336,0.571289,0
11980,-0.161133,0.691406,0.562988,0
12000,-0.154785,0.674805,0.584473,0
12020,-0.161621,0.664551,0.623047,0
12040,-0.189941,0.647461,0.675781,0
12060,-0.215332,0.632812,0.692871,0
12080,-0.236328,0.627441,0.693848,0
12100,-0.247559,0.657227,0.679199,0
12120,-0.236816,0.690918,0.637695,0
12140,-0.223633,0.710449,0.599609,0
12160,-0.213867,0.733887,0.571289,0
12180,-0.210938,0.729492,0.548828,0
12200,-0.201172,0.714355,0.548828,0
12220,-0.155273,0.696777,0.575684,0
12240,-0.090332,0.674805,0.612305,0
12260,-0.0546875,0.653809,0.645508,0
12280,-0.0678711,0.629883,0.678711,0
12300,-0.132324,0.598633,0.698242,0
12320,-0.166992,0.55127,0.672363,0
12340,-0.194824,0.483398,0.411621,0
12360,-0.224609,0.394043,0.606445,0
12380,-0.327637,0.472656,0.556641,0
12400,-0.367188,0.629883,0.575684,0
12420,-0.194336,0.789062,0.364258,0
12440,-0.105957,1.00049,0.23291,0
12460,-0.373047,0.989258,0.181641,0
12480,-0.413086,0.69043,0.384766,0
12500,-0.307617,0.685059,1.12109,0
12520,-0.661621,0.574219,0.905273,0
12540,-0.260742,0.709473,0.732422,0
12560,-0.133789,0.69043,0.663574,0
12580,-0.217285,0.708496,0.813477,0
12600,-0.301758,0.818359,1.08643,0
12620,-0.395508,0.556152,0.726074,0
12640,-0.405762,0.761719,0.483887,0
12660,-0.603027,0.849609,0.737305,0
12680,-0.0654297,0.40918,0.79248,0
12700,0.0805664,0.212891,0.333496,0
12720,0.0556641,0.240723,-0.0195312,0
12740,-0.00634766,0.537109,0.455566,0
12760,0.0366211,1.14258,0.00195312,0
12780,-0.42041,1.21387,-0.376465,0
12800,-0.175781,1.14258,-0.953125,0
12820,0.129395,1.51855,-1.07422,0
12840,0.412598,1.53271,-0.693359,0
12860,0.348633,1.43018,-0.286621,0
12880,0.223145,1.12744,-0.168457,0
12900,0.0175781,0.76709,-0.0756836,0
12920,-0.121094,0.476074,-0.217285,0
12940,-0.196289,0.559082,-0.183105,0
12960,-0.286133,0.881836,0.0449219,0
12980,-0.0493164,1.22119,-0.0952148,0
13000,-0.0629883,1.45801,-0.175293,0
13020,-0.342773,1.45898,-0.385742,0
13040,-0.276367,1.38672,-0.385254,0
13060,-0.210938,0.960449,-0.303711,0
13080,0.0839844,0.648438,0.0683594,0
13100,0.0878906,0.438477,0.364746,0
13120,-0.0473633,0.485352,0.513184,0
13140,-0.0893555,0.760742,0.33252,0
13160,-0.393066,0.867188,-0.0327148,0
13180,-0.551758,1.12793,0.402344,0
13200,-0.765625,1.01514,0.440918,0
13220,-0.666992,1.09473,0.262695,0
13240,-0.645508,1.21143,0.334961,0
13260,-0.619141,1.05859,0.400391,0
13280,-0.602539,0.861328,0.37793,0
13300,-0.217285,1.0083,0.270508,0
13320,0.30127,0.945312,0.0908203,0
13340,0.905762,0.550781,0.29541,0
13360,0.841309,0.587402,1.09814,0
13380,0.786133,0.192871,1.22559,0
13400,0.57666,-0.772949,0.0375977,0
13420,0.401367,-1.19971,-0.470215,0
13440,-0.0615234,-1.1499,0.95752,0
13460,-1.10449,-0.113281,2.66357,0
13480,-0.779297,-0.0878906,1.3252,0
13500,-0.161133,-0.424316,-0.182129,0
13520,-0.137207,0.657227,-0.168457,0
13540,-0.317383,1.40088,0.874023,0
13560,-0.17041,1.56299,0.888672,0
13580,-0.124512,0.97168,0.250488,0
13600,-0.17627,0.861328,0.0849609,0
13620,0.050293,1.0957,0.629883,0
13640,0.336426,0.799316,0.739258,0
13660,0.286133,0.443359,0.559082,0
13680,-0.00341797,0.486328,0.836426,0
13700,-0.0429688,0.52832,0.728027,0
13720,0.0488281,0.548828,0.716797,0
13740,0.14209,0.607422,0.811523,0
13760,0.269531,1.06348,0.0766602,0
13780,0.283691,1.08643,0.596191,0
13790,0.586914,0.603516,0.99707,0
13810,0.347168,0.328125,0.799805,0
13830,0.185547,-0.0302734,0.440918,0
13850,0.422852,0.118164,0.359375,0
13870,0.480957,0.410156,0.69043,0
13890,0.411133,0.719727,0.752441,0
13910,0.195801,0.61377,0.765137,0
13930,0.196777,0.49707,0.724609,0
13950,0.129395,0.282227,0.77002,0
13970,0.221191,0.202637,0.947266,0
13990,0.277344,0.188965,0.926758,0
14010,0.416016,0.39502,0.890137,0
14030,0.440918,0.478516,0.845215,0
14050,0.192383,0.727539,0.640625,0
14070,0.268555,0.664062,0.519531,0
14090,0.00195312,0.583984,0.650391,0
14110,-0.10498,0.256348,0.806152,0
14130,-0.174316,0.0170898,0.887207,0
14150,-0.325195,-0.255371,0.681641,0
14170,-0.511719,-0.323242,0.927246,0
14190,-0.673828,-0.257324,1.0293,0
14210,-0.627441,-0.180176,0.900879,0
14230,-0.374023,-0.141113,0.754883,0
14250,-0.263672,0.0830078,1.01904,0
14270,-0.317871,0.189941,1.18652,0
14290,-0.388184,0.114746,0.912109,0
14310,-0.46875,0.233887,0.655273,0
14330,-0.643066,0.274414,0.688477,0
14350,-0.672852,0.293457,0.84375,0
14370,-0.631836,0.227051,0.869629,0
14390,-0.720703,0.0361328,0.773438,0
14410,-0.42334,-0.0595703,0.805176,0
14430,-0.0605469,0.0263672,0.889648,0
14450,0.365723,0.312012,1.06982,0
14470,0.462402,0.418457,0.771484,0
14490,0.0698242,0.390137,0.756348,0
14510,-0.330566,0.331543,0.95166,0
14530,-0.40918,0.102539,0.399902,0
14550,-0.0146484,0.30127,0.526855,0
14570,0.286133,0.566406,1.04199,0
14590,0.185059,0.203125,0.970215,0
14610,-0.0327148,0.0756836,0.515625,0
14630,-0.0375977,0.345703,0.558105,0
14650,0.0205078,0.629395,0.500977,0
14670,0.109375,1.00879,0.859375,0
14690,-0.0825195,0.655762,0.779297,0
14710,-0.0639648,0.501953,0.689941,0
14730,0.104492,0.533691,1.05225,0
14750,0.20459,0.182129,0.741211,0
14770,-0.177246,0.257812,0.708984,0
14790,-0.143555,0.138672,1.01514,0
14810,0.0625,0.0703125,1.25781,0
14830,0.0439453,-0.0429688,0.785645,0
14850,-0.15332,-0.0942383,0.562012,0
14870,-1.01318,-0.439941,0.721191,0
14890,-1.4458,-0.494629,0.796387,0
14910,-1.42773,-0.216797,0.79834,0
14930,-0.751465,0.207031,0.378906,0
14950,-0.213379,0.663574,0.183105,0
14970,0.0693359,1.10107,0.360352,0
14990,0.166016,1.29395,0.60791,0
15010,-0.0141602,1.22168,0.29834,0
15030,-0.109375,1.1377,-0.126465,0
15050,-0.192383,1.10889,-0.295898,0
15070,-0.034668,1.2793,0.0756836,0
15090,-0.0126953,1.21338,0.316895,0
15110,-0.0366211,1.14551,0.21582,0
15130,-0.325684,1.00293,0.0463867,0
15150,-0.60498,0.941895,0.145508,0
15170,-0.68457,0.875977,0.401855,0
15190,-0.62207,0.750977,0.474609,0
15210,-0.466797,0.61377,0.333496,0
15230,-0.344727,0.567871,0.392578,0
15250,-0.200684,0.483887,0.770508,0
15260,0.0830078,0.437012,1.01855,0
15260,0.161621,0.432129,0.77002,0
15280,0.106445,0.405273,0.62793,0
15310,-0.0556641,0.351562,0.807129,0
15350,-0.115234,0.284668,0.823242,0
15370,-0.303223,0.330566,0.877441,0
15390,-0.225098,0.146973,0.73877,0
15410,-0.0336914,0.324707,0.589844,0
15430,-0.0078125,0.479004,0.919922,0
15450,0.0424805,0.523926,0.837402,0
15470,-0.106934,0.347168,0.749512,0
15490,0.0947266,0.415527,0.783691,0
15510,0.0629883,0.433105,0.828613,0
15530,0.0532227,0.460938,0.868652,0
15550,0.0722656,0.449707,0.811035,0
15570,0.11377,0.451172,0.785156,0
15590,0.149902,0.43457,0.753418,0
15610,0.287109,0.344727,0.797852,0
15630,0.401367,0.133789,0.773926,0
15650,0.335449,0.0493164,0.817871,0
15670,0.110352,0.162598,0.972656,0
15690,0.0649414,0.249023,0.896973,0
15710,0.0283203,0.333496,0.802734,0
15730,0.0224609,0.405273,0.85791,0
15750,0.0532227,0.423828,0.885254,0
15770,0.114258,0.438965,0.812988,0
15790,0.090332,0.374512,0.841797,0
15810,0.0966797,0.356934,0.862793,0
15830,0.140137,0.325684,0.844727,0
15850,0.134766,0.335938,0.80127,0
15870,0.181152,0.273926,0.791504,0
15890,0.226562,0.228516,0.803711,0
15910,0.210938,0.30127,0.69043,0
15930,0.227539,0.320312,0.687012,0
15950,0.437988,0.346191,0.700684,0
15970,0.380371,0.37793,0.870605,0
15990,0.149414,0.435547,0.912109,0
16010,0.0527344,0.425781,0.835449,0
16030,0.172363,0.435547,0.808105,0
16050,0.0336914,0.497559,0.779785,0
16070,-0.216309,0.583984,0.939941,0
16090,-0.237305,0.571777,0.933105,0
16110,-0.248047,0.515625,0.873047,0
16130,-0.00195312,0.45752,0.910156,0
16150,0.443359,0.301758,0.65625,0
16170,0.440918,0.0878906,0.50293,0
16190,0.505859,-0.0175781,0.661621,0
16210,0.529785,-0.192383,0.82373,0
16230,0.439941,-0.238281,0.700195,0
16250,0.318848,-0.145508,0.838867,0
16270,0.189453,-0.03125,0.728516,0
16290,0.109375,0.0620117,0.675781,0
16310,0.132812,0.195312,0.779297,0
16320,0.120117,0.259277,0.776855,0
16340,0.143066,0.271484,0.544922,0
16360,0.313965,0.342773,0.448242,0
16380,0.662598,0.459961,0.465332,0
16400,0.629395,0.594727,0.391113,0
16420,0.703613,0.67334,0.189941,0
16440,1.06396,0.91748,0.280762,0
16460,0.882812,0.942871,0.189941,0
16480,0.811035,0.982422,0.204102,0
16500,0.311035,0.881836,0.713867,0
16520,0.221191,0.939941,0.243164,0
16540,0.177246,0.928223,0.57959,0
16560,0.304688,0.904297,0.382324,0
16580,0.501953,0.84082,0.348633,0
16600,0.598145,0.723633,0.293457,0
16620,0.625977,0.624023,0.349609,0
16640,0.637207,0.577637,0.34082,0
16660,0.566406,0.603516,0.172852,0
16680,0.34375,0.693359,0.419434,0
16700,0.278809,0.632812,0.598145,0
16720,0.135254,0.689941,-0.552734,0
16740,-0.114746,1.00586,0.263672,0
16760,-0.176758,1.11279,0.825684,0
16780,-0.133789,1.14209,0.593262,0
16800,-0.0224609,1.01709,0.359375,0
16820,0.124512,0.800293,0.550293,0
16820,0.193848,0.67041,0.592285,0
16840,0.248047,0.633301,0.437012,0
16880,0.332031,0.675781,0.397949,0
16900,0.274902,0.762695,0.506348,0
16920,0.234375,0.802246,0.492188,0
16940,0.0908203,0.863281,0.428223,0
16960,0.0107422,0.931152,0.409668,0
16980,0.0688477,0.916992,0.473145,0
17000,0.0488281,0.830078,0.637207,0
17020,0.00634766,0.750488,0.755859,0
17040,0.219238,0.793945,0.5625,0
17060,0.491211,0.732422,0.45752,0
17080,0.293945,0.714355,0.566406,0
17100,0.015625,0.511719,0.70166,0
17120,-0.156738,0.376953,0.837891,0
17140,-0.45459,0.320312,0.753418,0
17160,-0.633301,0.455078,0.439453,0
17180,-0.783203,0.57666,0.625488,0
17200,-0.623047,0.449219,0.83252,0
17220,-0.512695,0.483398,0.836914,0
17240,-0.213379,0.594727,0.760742,0
17260,0.210449,0.686523,0.568359,0
17280,0.662109,0.595215,0.839355,0
17300,0.478516,0.363281,0.918457,0
17320,0.0678711,0.236816,0.887695,0
17340,-0.0112305,0.300781,0.819336,0
17360,-0.0307617,0.452637,0.748535,0
17380,-0.00488281,0.368164,0.884277,0
17400,0.134277,0.239746,0.992676,0
17420,0.239746,-0.161133,0.669434,0
17440,-0.0249023,-0.324219,0.894531,0
17460,-0.27002,-0.206055,0.895996,0
17480,-0.155273,0.0825195,0.916016,0
17500,-0.0791016,0.152344,0.85498,0
17520,0.0444336,0.155273,1.00342,0
17540,0.00976562,0.183594,0.958984,0
17560,-0.0078125,0.153809,0.896973,0
17580,-0.0249023,0.050293,0.910645,0
17600,0.0751953,0.116211,0.844727,0
17620,-0.397461,0.0102539,1.0791,0
17640,-0.0810547,0.32666,0.754395,0
17660,0.308594,-0.144043,1.13086,0
17680,-0.333496,-0.5625,1.17334,0
17700,-0.0483398,0.220703,0.621094,0
17720,-0.294434,0.641602,0.741211,0
17740,-0.724609,0.151855,1.05566,0
17760,-0.439941,0.0830078,0.925293,0
17780,-0.625488,0.152832,0.618164,0
17800,-0.739258,-0.034668,1.26807,0
17820,-0.166016,0.109863,0.848633,0
17840,0.339844,0.187988,0.5625,0
17860,0.0698242,-0.126953,0.949219,0
17880,-0.113281,-0.429199,1.18018,0
17900,-0.372559,-0.00292969,0.868652,0
17920,0.189941,-0.0385742,0.751465,0
17940,0.251953,-0.0844727,0.85791,0
17960,0.0834961,0.0483398,0.90625,0
17980,-0.15918,0.0693359,0.941406,0
18000,-0.074707,0.10498,0.90332,0
18020,-0.00683594,0.129395,0.986816,0
18040,0.111328,0.132324,0.956543,0
18060,0.102539,0.128906,0.881348,0
18080,-0.0258789,0.078125,0.809082,0
18100,-0.0712891,-0.30127,1.30127,0
18120,-0.529297,-0.185059,0.243164,0
18140,-0.787109,-0.669434,0.743652,0
18160,-0.331055,-0.692383,0.764648,0
18180,-0.0834961,-0.653809,0.626465,0
18200,-0.243652,-0.700684,0.588867,0
18220,-0.114746,-0.858887,0.792969,0
18240,0.00927734,-0.891602,0.678223,0
18260,0.0195312,-0.831055,0.536621,0
18280,0.00146484,-0.810547,0.413086,0
18300,-0.0229492,-0.700684,0.914062,0
18320,0.0219727,-0.461426,0.881836,0
18340,0.0473633,-0.243164,0.584473,0
18360,-0.0825195,-0.263672,0.770996,0
18380,-0.0800781,-0.381348,0.964355,0
18400,-0.0195312,-0.438477,0.614258,0
18420,0.32666,-0.551758,0.731934,0
18440,0.620117,-0.614258,0.833008,0
18460,0.402832,-0.391113,0.782227,0
18480,0.554688,-0.209473,0.721191,0
18500,0.495117,-0.18457,0.708984,0
18520,0.407715,-0.192871,0.902832,0
18540,0.270996,-0.168457,0.858887,0
18560,0.270508,-0.284668,0.504883,0
18580,-0.0395508,-0.586914,0.952637,0
18600,-0.143555,-0.483887,0.635254,0
18620,-0.0429688,-0.433594,0.818848,0
18640,-0.0908203,-0.296875,0.905762,0
18660,0.160645,-0.177734,0.888184,0
18680,0.259766,0.0136719,0.912109,0
18700,-0.0664062,0.148926,0.943359,0
18720,0.25,-0.13623,0.822266,0
18740,0.509277,-0.401855,0.77002,0
18760,0.408203,-0.648926,0.744629,0
18780,0.288574,-0.678223,0.478516,0
18800,0.117188,-0.838379,0.59082,0
18820,-0.352539,-0.830566,0.647461,0
18840,-0.544922,-0.750488,0.619629,0
18860,-0.23877,-0.76416,0.683594,0
18880,-0.177246,-0.81543,0.644043,0
18900,0.0131836,-0.649902,0.694824,0
18910,0.237305,-0.447754,0.775391,0
18930,0.0825195,-0.358887,0.693848,0
18950,-0.0405273,-0.336426,0.949219,0
18970,-0.119141,-0.307617,0.919922,0
18990,-0.224121,-0.313965,0.710938,0
19010,-0.242676,-0.31543,0.771484,0
19030,-0.23877,-0.469238,0.741699,0
19050,-0.166016,-0.553711,0.822266,0
19070,-0.215332,-0.59668,0.824219,0
19090,-0.391113,-0.448242,0.707031,0
19110,-0.521973,-0.336914,0.757324,0
19130,-0.452148,-0.307617,0.85498,0
19150,-0.353516,-0.291016,0.791016,0
19170,-0.302246,-0.308105,0.790039,0
19190,-0.303711,-0.404785,0.749023,0
19210,-0.27002,-0.469727,0.758301,0
19230,-0.230957,-0.557617,0.736328,0
19250,-0.261719,-0.592285,0.713867,0
19270,-0.312012,-0.633301,0.654785,0
19290,-0.643066,-0.51123,0.615234,0
19310,-0.476562,-0.367188,0.65918,0
