Timestamp, Angle x, Angle y, Angle z, Marker
10,-2.4341,0.0411578,1.14544,0
50,-2.4341,0.0411578,1.14544,0
70,-2.4341,0.0411578,1.14544,0
90,-2.4341,0.0411578,1.14544,0
110,-2.4341,0.0411578,1.14544,0
120,-2.43403,0.0410965,1.14545,0
120,-2.43403,0.0410965,1.14545,0
170,-2.43409,0.0410622,1.1456,0
190,-2.43403,0.0410965,1.14545,0
210,-2.4341,0.0411578,1.14544,0
230,-2.45595,-0.00289596,1.11676,0
250,-2.4743,-0.0219946,1.11231,0
270,-2.36029,-0.0287342,1.06843,0
290,-2.24674,-0.0591326,1.09381,0
310,-2.16611,-0.167931,1.1038,0
330,-2.1385,-0.264115,1.08697,0
350,-2.18727,-0.38946,1.03922,0
370,-2.19321,-0.428506,0.988574,0
390,-2.34266,-0.37416,0.933365,0
410,-2.46818,-0.251151,0.856363,0
430,-2.53976,-0.103039,0.735185,0
450,-2.56541,0.0156648,0.583612,0
470,-2.57753,0.091131,0.458885,0
490,-2.64391,0.158586,0.381719,0
510,-2.70847,0.229518,0.307383,0
530,-2.7859,0.294358,0.180086,0
550,-2.85034,0.340678,0.0199098,0
570,-2.91829,0.366799,-0.126482,0
590,-3.00606,0.384488,-0.256827,0
610,-3.07929,0.394273,-0.374682,0
630,3.14132,0.400045,-0.489058,0
650,3.07825,0.403073,-0.599321,0
670,3.00532,0.394648,-0.70706,0
690,2.89834,0.368162,-0.816449,0
710,2.76754,0.343977,-0.91293,0
730,2.66734,0.330708,-0.972862,0
750,2.61235,0.322994,-1.02745,0
770,2.53553,0.277002,-1.07579,0
790,2.40105,0.208092,-1.09499,0
810,2.24075,0.147538,-1.11541,0
830,2.07708,0.0997683,-1.16399,0
850,1.9336,0.0474108,-1.18845,0
870,1.78332,0.0291263,-1.20777,0
890,1.64761,0.0184036,-1.20666,0
910,1.50443,0.0166217,-1.20356,0
930,1.38182,0.0317824,-1.1825,0
950,1.31249,0.0712249,-1.1329,0
970,1.31815,0.122576,-1.05708,0
990,1.43145,0.172883,-0.935662,0
1010,1.61071,0.200828,-0.815094,0
1030,1.77252,0.180344,-0.732037,0
1040,1.91101,0.1502,-0.670144,0
1060,2.0198,0.120128,-0.604827,0
1080,2.06957,0.0942129,-0.537038,0
1100,2.05874,0.066597,-0.458508,0
1120,2.03587,0.0373099,-0.3631,0
1140,2.02521,0.0150012,-0.280202,0
1160,2.04182,-0.0222889,-0.248123,0
1180,2.08729,-0.0609991,-0.239608,0
1200,2.15079,-0.0889893,-0.21411,0
1220,2.21583,-0.114383,-0.181385,0
1240,2.27539,-0.14742,-0.15323,0
1260,2.33996,-0.183541,-0.116322,0
1280,2.39087,-0.212637,-0.081454,0
1300,2.44266,-0.227691,-0.0758895,0
1320,2.48001,-0.216933,-0.0891604,0
1340,2.47829,-0.193978,-0.102532,0
1360,2.4656,-0.178046,-0.108361,0
1380,2.44521,-0.154773,-0.0969916,0
1400,2.43295,-0.122945,-0.0846699,0
1420,2.41266,-0.0771369,-0.0719257,0
1440,2.34987,-0.0226085,-0.0572487,0
1460,2.25258,0.0380703,-0.0512691,0
1480,2.14091,0.0933379,-0.0546836,0
1500,2.03904,0.137784,-0.0555293,0
1520,1.97598,0.163151,-0.0605147,0
1540,1.95033,0.171687,-0.0760313,0
1560,1.94926,0.170262,-0.10474,0
1580,1.97247,0.153481,-0.15697,0
1600,2.00298,0.143805,-0.216895,0
1620,2.02374,0.150052,-0.275511,0
1640,2.02842,0.161467,-0.348607,0
1660,2.0182,0.170115,-0.421778,0
1680,1.98012,0.180504,-0.492115,0
1700,1.94707,0.175794,-0.560124,0
1720,1.93448,0.173828,-0.600626,0
1740,1.93103,0.174675,-0.623245,0
1760,1.9404,0.179682,-0.642622,0
1780,1.95818,0.183513,-0.659604,0
1800,1.96984,0.187293,-0.675454,0
1820,1.97328,0.190045,-0.691647,0
1840,1.95714,0.195828,-0.705845,0
1860,1.96634,0.202362,-0.71739,0
1880,1.99073,0.201709,-0.725329,0
1900,2.02221,0.197625,-0.724128,0
1920,2.04855,0.196749,-0.722204,0
1940,2.08035,0.198639,-0.718103,0
1960,2.10315,0.195424,-0.722253,0
1980,2.1147,0.191295,-0.728113,0
2000,2.11043,0.187518,-0.739005,0
2020,2.09909,0.182762,-0.754713,0
2040,2.08804,0.179112,-0.76857,0
2060,2.07594,0.181434,-0.784832,0
2080,2.06043,0.180894,-0.804201,0
2100,2.04041,0.180864,-0.823718,0
2120,2.02663,0.175448,-0.840787,0
2140,2.0121,0.169845,-0.848121,0
2160,1.97807,0.183431,-0.858181,0
2180,1.98249,0.190238,-0.847613,0
2200,2.01717,0.201839,-0.838279,0
2220,2.05327,0.191867,-0.830594,0
2240,2.0815,0.170789,-0.815901,0
2260,2.06878,0.167175,-0.789715,0
2280,2.05774,0.176162,-0.738047,0
2300,2.05144,0.170742,-0.677153,0
2320,2.05972,0.185089,-0.696565,0
2340,2.04865,0.184923,-0.753816,0
2360,2.02778,0.181917,-0.799991,0
2380,1.98559,0.178232,-0.838773,0
2400,1.94406,0.169235,-0.857595,0
2420,1.9221,0.17174,-0.850547,0
2440,1.90434,0.182575,-0.839962,0
2460,1.88667,0.190131,-0.828099,0
2480,1.86639,0.186761,-0.828676,0
2500,1.85508,0.175892,-0.833382,0
2520,1.85218,0.163269,-0.837754,0
2540,1.85325,0.152278,-0.840383,0
2560,1.85245,0.145929,-0.837605,0
2580,1.85742,0.145236,-0.831678,0
2600,1.85505,0.146316,-0.831489,0
2620,1.84946,0.145815,-0.835441,0
2640,1.84814,0.144025,-0.839478,0
2660,1.84141,0.140986,-0.844307,0
2680,1.83635,0.139512,-0.845846,0
2700,1.83677,0.139676,-0.843323,0
2720,1.84247,0.14136,-0.839752,0
2740,1.84926,0.142186,-0.838616,0
2760,1.8497,0.141003,-0.839519,0
2780,1.84546,0.140248,-0.8401,0
2800,1.83993,0.140824,-0.840958,0
2820,1.84122,0.141285,-0.840339,0
2840,1.84399,0.140085,-0.839968,0
2860,1.84698,0.13845,-0.839628,0
2880,1.84979,0.137054,-0.839566,0
2900,1.85478,0.136582,-0.838522,0
2920,1.86018,0.135882,-0.836849,0
2940,1.8613,0.13489,-0.834852,0
2960,1.85884,0.13618,-0.833371,0
2980,1.85126,0.13897,-0.834529,0
3000,1.84742,0.142161,-0.833939,0
3020,1.84586,0.145704,-0.832507,0
3040,1.84986,0.148739,-0.830311,0
3060,1.85395,0.149529,-0.829793,0
3080,1.85721,0.148589,-0.829563,0
3100,1.85959,0.14714,-0.830484,0
3120,1.86131,0.146729,-0.830805,0
3140,1.86148,0.147652,-0.831272,0
3160,1.86101,0.149336,-0.830591,0
3180,1.85797,0.150373,-0.831026,0
3200,1.85448,0.150982,-0.831366,0
3220,1.8519,0.152623,-0.831494,0
3240,1.85006,0.154187,-0.832118,0
3260,1.85167,0.155916,-0.832025,0
3280,1.85465,0.156457,-0.83219,0
3300,1.85495,0.155655,-0.834383,0
3320,1.855,0.153912,-0.836783,0
3340,1.85507,0.153419,-0.838885,0
3360,1.85682,0.154388,-0.839222,0
3380,1.85835,0.154891,-0.840084,0
3400,1.86069,0.155081,-0.840851,0
3420,1.86234,0.154926,-0.841502,0
3440,1.86258,0.154126,-0.842262,0
3460,1.8639,0.153547,-0.842608,0
3480,1.86448,0.153084,-0.843326,0
3500,1.86619,0.152914,-0.843329,0
3520,1.86762,0.153064,-0.842506,0
3540,1.86696,0.15418,-0.842487,0
3560,1.86499,0.154832,-0.843326,0
3570,1.86454,0.155561,-0.844201,0
3590,1.86446,0.156068,-0.846065,0
3610,1.86667,0.157342,-0.84718,0
3630,1.8679,0.159657,-0.848232,0
3650,1.86822,0.162545,-0.848463,0
3670,1.86828,0.164177,-0.848378,0
3690,1.86887,0.163983,-0.848497,0
3710,1.87132,0.162641,-0.848623,0
3730,1.8738,0.160974,-0.849469,0
3750,1.87546,0.1611,-0.849036,0
3770,1.87374,0.163228,-0.847738,0
3790,1.87168,0.16579,-0.846121,0
3810,1.86752,0.167252,-0.84727,0
3830,1.86513,0.168353,-0.848461,0
3850,1.86423,0.170076,-0.849633,0
3870,1.8645,0.172087,-0.850573,0
3890,1.86506,0.173509,-0.851549,0
3910,1.86686,0.173802,-0.853333,0
3930,1.8704,0.172955,-0.854809,0
3950,1.87373,0.173077,-0.854831,0
3970,1.8743,0.174907,-0.854037,0
3990,1.87198,0.176293,-0.852964,0
4010,1.86854,0.175851,-0.852867,0
4030,1.86727,0.174876,-0.853505,0
4050,1.86865,0.173934,-0.853188,0
4070,1.86983,0.173817,-0.852581,0
4090,1.87058,0.174916,-0.852181,0
4110,1.86912,0.17647,-0.852097,0
4130,1.86601,0.177174,-0.853452,0
4150,1.86442,0.176835,-0.855185,0
4170,1.86552,0.176246,-0.855897,0
4190,1.86718,0.176015,-0.856184,0
4210,1.86775,0.176813,-0.856361,0
4230,1.8681,0.178494,-0.856373,0
4250,1.87074,0.179831,-0.855988,0
4270,1.87268,0.179332,-0.85609,0
4290,1.87564,0.178324,-0.855556,0
4310,1.87497,0.177063,-0.856213,0
4330,1.87129,0.176242,-0.85674,0
4350,1.86841,0.176914,-0.856344,0
4370,1.86709,0.177612,-0.856087,0
4390,1.86755,0.178316,-0.855606,0
4410,1.86897,0.178926,-0.856503,0
4430,1.87204,0.17936,-0.856181,0
4450,1.87298,0.179636,-0.856326,0
4470,1.87288,0.180299,-0.856544,0
4490,1.87184,0.181801,-0.856994,0
4510,1.87196,0.183379,-0.856539,0
4530,1.87329,0.185191,-0.85572,0
4550,1.87383,0.185733,-0.855747,0
4570,1.87242,0.184935,-0.857035,0
4590,1.87023,0.183353,-0.858503,0
4610,1.8702,0.183318,-0.858528,0
4630,1.87199,0.184038,-0.857811,0
4650,1.87561,0.185245,-0.856937,0
4670,1.87863,0.185522,-0.856324,0
4690,1.87833,0.185213,-0.856838,0
4710,1.87726,0.18637,-0.856544,0
4730,1.87472,0.186609,-0.856478,0
4750,1.87311,0.185965,-0.857194,0
4770,1.8738,0.185652,-0.857296,0
4790,1.87303,0.185542,-0.857506,0
4810,1.87033,0.186239,-0.858389,0
4830,1.8692,0.186961,-0.859405,0
4850,1.86917,0.187232,-0.860711,0
4870,1.87082,0.187864,-0.861478,0
4890,1.87356,0.189181,-0.861175,0
4910,1.87265,0.190102,-0.86276,0
4930,1.87144,0.189723,-0.864301,0
4950,1.87165,0.188444,-0.865484,0
4970,1.8718,0.187228,-0.866299,0
4990,1.8707,0.187311,-0.867006,0
5010,1.86938,0.188988,-0.867317,0
5030,1.86924,0.190065,-0.867423,0
5050,1.87015,0.19031,-0.867846,0
5070,1.87123,0.189112,-0.869148,0
5090,1.87072,0.187435,-0.870483,0
5110,1.87122,0.187232,-0.871285,0
5130,1.87365,0.187491,-0.870617,0
5150,1.87276,0.18755,-0.871718,0
5170,1.87022,0.187596,-0.873113,0
5190,1.87004,0.188414,-0.873323,0
5210,1.87192,0.189432,-0.873465,0
5230,1.87474,0.19029,-0.873398,0
5250,1.87722,0.190899,-0.873478,0
5270,1.87768,0.19183,-0.873427,0
5290,1.87682,0.193311,-0.873287,0
5310,1.87608,0.194801,-0.872957,0
5330,1.8756,0.195669,-0.872684,0
5350,1.8756,0.195669,-0.872684,0
5370,1.87472,0.195095,-0.872978,0
5390,1.87362,0.19531,-0.873268,0
5410,1.8736,0.19563,-0.873048,0
5430,1.87341,0.195554,-0.87305,0
5450,1.87415,0.195634,-0.873119,0
5470,1.87451,0.195657,-0.873295,0
5490,1.8759,0.195621,-0.873168,0
5510,1.87666,0.195829,-0.873056,0
5530,1.87639,0.19668,-0.872936,0
5550,1.87451,0.1979,-0.873071,0
5570,1.87187,0.198333,-0.873391,0
5590,1.87188,0.198689,-0.873146,0
5610,1.8727,0.199103,-0.872302,0
5630,1.87535,0.197454,-0.867831,0
5650,1.88083,0.19407,-0.855226,0
5670,1.89021,0.1911,-0.832047,0
5690,1.87743,0.21535,-0.818294,0
5710,1.92032,0.265448,-0.769637,0
5730,2.03062,0.329705,-0.666839,0
5750,2.21917,0.38899,-0.487696,0
5770,2.45333,0.38901,-0.272528,0
5790,2.77516,0.369641,0.0198849,0
5810,3.01771,0.225031,0.296419,0
5830,-2.96575,0.143975,0.470568,0
5850,-2.8923,0.0555189,0.558524,0
5870,-2.90504,0.0429792,0.530401,0
5890,-2.94435,0.0703619,0.479625,0
5910,-2.97673,0.112471,0.460673,0
5930,-2.99967,0.176049,0.443538,0
5950,-3.02012,0.217508,0.423105,0
5970,-3.02395,0.242064,0.406465,0
5990,-2.95645,0.27011,0.402198,0
6010,-2.84479,0.250623,0.424401,0
6030,-2.79221,0.192491,0.465124,0
6050,-2.80464,0.149333,0.504063,0
6070,-2.8525,0.112081,0.522597,0
6090,-2.89787,0.0833999,0.523733,0
6110,-2.9144,0.0545258,0.546175,0
6120,-2.90585,0.0298915,0.574459,0
6140,-2.8981,0.0134316,0.596399,0
6160,-2.90806,0.0179409,0.618541,0
6180,-2.93895,0.0252586,0.649713,0
6200,-2.9854,0.0327738,0.69696,0
6220,-3.03751,0.0245791,0.743769,0
6240,-3.0619,0.0142388,0.776634,0
6260,-3.05632,0.00623729,0.796798,0
6280,-3.02685,0.0371657,0.78737,0
6300,-2.99216,0.0793474,0.755346,0
6320,-2.97959,0.138262,0.725725,0
6340,-3.01497,0.241455,0.676054,0
6360,-3.07403,0.361395,0.622599,0
6380,-3.13767,0.484984,0.588478,0
6400,3.10107,0.586244,0.595893,0
6420,3.08871,0.649927,0.604352,0
6440,3.05931,0.674416,0.560107,0
6460,2.95761,0.703243,0.405658,0
6480,2.78322,0.6705,0.207471,0
6500,2.52287,0.549752,-0.0616971,0
6520,2.33329,0.386147,-0.287727,0
6540,2.24941,0.317339,-0.465702,0
6560,2.31618,0.336046,-0.503984,0
6580,2.41203,0.368389,-0.419777,0
6600,2.50155,0.413376,-0.354945,0
6620,2.53082,0.422133,-0.319428,0
6640,2.40846,0.401113,-0.439009,0
6660,2.26432,0.350044,-0.559033,0
6680,2.19125,0.319265,-0.595848,0
6700,2.17826,0.318782,-0.584546,0
6720,2.14144,0.338131,-0.612995,0
6740,2.03755,0.360151,-0.646431,0
6760,1.88864,0.378164,-0.670045,0
6780,1.76927,0.404313,-0.692685,0
6800,1.69363,0.434872,-0.708851,0
6820,1.6569,0.466793,-0.721495,0
6840,1.64621,0.501722,-0.715881,0
6860,1.64398,0.515349,-0.728993,0
6880,1.65354,0.504627,-0.752796,0
6900,1.65724,0.473399,-0.785955,0
6920,1.58571,0.47895,-0.801354,0
6940,1.47839,0.525183,-0.850121,0
6960,1.31385,0.502468,-0.976388,0
6980,1.11946,0.353977,-1.08654,0
7000,0.983858,0.205836,-1.10642,0
7020,0.840489,0.050692,-1.13839,0
7040,0.636807,0.00677612,-1.11967,0
7060,0.47606,-0.0392839,-1.08183,0
7080,0.347127,-0.0747086,-1.04852,0
7100,0.227937,-0.134104,-1.03399,0
7120,0.0471528,-0.182564,-0.976875,0
7140,-0.115401,-0.187016,-0.90138,0
7160,-0.255149,-0.150091,-0.834103,0
7180,-0.33607,-0.0757471,-0.792802,0
7200,-0.312702,0.00629676,-0.770594,0
7220,-0.248047,0.0609774,-0.735819,0
7240,-0.150547,0.0632824,-0.690287,0
7260,-0.0304846,0.0524957,-0.647047,0
7280,0.112903,0.0625531,-0.601234,0
7300,0.255391,0.0840464,-0.557278,0
7320,0.377421,0.106487,-0.514144,0
7340,0.513517,0.0705774,-0.449691,0
7360,0.683348,0.0141981,-0.380723,0
7380,0.77149,-0.010029,-0.324554,0
7400,0.752317,-0.0357231,-0.260734,0
7420,0.700391,-0.0455847,-0.24005,0
7440,0.654665,-0.037635,-0.246427,0
7460,0.612617,-0.0222598,-0.261763,0
7480,0.550777,0.00933604,-0.271084,0
7500,0.513079,0.0467339,-0.2698,0
7520,0.526088,0.0804125,-0.254764,0
7540,0.549055,0.100375,-0.227747,0
7560,0.588504,0.0973399,-0.19802,0
7580,0.626842,0.0929218,-0.168771,0
7600,0.658245,0.0729181,-0.136868,0
7620,0.672821,0.0831325,-0.0671148,0
7640,0.670705,0.118322,0.0201739,0
7660,0.670543,0.149026,0.101901,0
7680,0.683807,0.1995,0.154382,0
7700,0.699741,0.235266,0.184397,0
7720,0.713422,0.278742,0.194991,0
7740,0.732462,0.352403,0.182998,0
7760,0.7287,0.369904,0.15465,0
7780,0.760099,0.387438,0.152261,0
7800,0.799811,0.389021,0.147161,0
7820,0.838248,0.415196,0.140879,0
7840,0.889837,0.451666,0.148801,0
7860,0.960971,0.509318,0.18268,0
7880,1.04829,0.578516,0.230315,0
7900,1.15372,0.663971,0.279836,0
7920,1.27137,0.751483,0.323089,0
7940,1.34452,0.829733,0.330672,0
7960,1.43607,0.832875,0.371394,0
7980,1.50239,0.823268,0.417755,0
8000,1.53506,0.816076,0.411928,0
8020,1.53026,0.803099,0.385297,0
8040,1.45761,0.797893,0.344231,0
8060,1.35831,0.774784,0.263983,0
8080,1.31222,0.761232,0.205486,0
8100,1.27121,0.745874,0.158574,0
8120,1.23959,0.742446,0.1142,0
8140,1.20785,0.733411,0.0777294,0
8160,1.20019,0.714309,0.0646964,0
8180,1.20258,0.702347,0.0683213,0
8200,1.21224,0.697173,0.0981483,0
8220,1.20844,0.69565,0.110287,0
8240,1.18451,0.684334,0.092393,0
8260,1.15756,0.66262,0.0675746,0
8280,1.13569,0.642933,0.0488419,0
8300,1.11778,0.629104,0.0343798,0
8320,1.1069,0.626426,0.0310255,0
8340,1.09968,0.640435,0.0309229,0
8360,1.1079,0.652381,0.0392221,0
8380,1.11181,0.648659,0.0429829,0
8400,1.10894,0.639391,0.0420908,0
8420,1.10034,0.626869,0.0300428,0
8440,1.08704,0.613904,0.0116504,0
8460,1.07753,0.608392,0.000964862,0
8480,1.07259,0.607165,-0.00780884,0
8500,1.07097,0.610327,-0.013891,0
8520,1.07413,0.613623,-0.0181272,0
8540,1.07791,0.612757,-0.0213802,0
8560,1.08003,0.611695,-0.0236118,0
8580,1.07989,0.603069,-0.0263926,0
8600,1.07298,0.585145,-0.0334061,0
8620,1.05836,0.556097,-0.0452424,0
8640,1.04189,0.533201,-0.0510076,0
8660,1.02313,0.520238,-0.0529163,0
8670,0.999898,0.511298,-0.0598293,0
8690,0.976382,0.50578,-0.0770933,0
8710,0.951829,0.489118,-0.0993946,0
8730,0.931881,0.469066,-0.120028,0
8750,0.916583,0.452838,-0.134589,0
8770,0.903506,0.429943,-0.141939,0
8790,0.885657,0.389203,-0.143353,0
8810,0.868844,0.365317,-0.136179,0
8830,0.843801,0.314886,-0.142491,0
8850,0.821946,0.267701,-0.147796,0
8870,0.789859,0.226008,-0.159159,0
8890,0.768068,0.205684,-0.165646,0
8910,0.762787,0.205466,-0.169313,0
8930,0.769196,0.216884,-0.176731,0
8950,0.781298,0.235482,-0.184286,0
8970,0.79881,0.24625,-0.192994,0
8990,0.818865,0.250702,-0.199596,0
9010,0.829927,0.248447,-0.200349,0
9030,0.830688,0.241726,-0.201267,0
9050,0.833747,0.237412,-0.203173,0
9070,0.835136,0.238234,-0.205696,0
9090,0.829958,0.241873,-0.210485,0
9110,0.825927,0.24178,-0.215592,0
9130,0.826944,0.239117,-0.217081,0
9150,0.829768,0.23698,-0.215204,0
9170,0.830945,0.242491,-0.21151,0
9190,0.829938,0.254081,-0.210154,0
9210,0.827434,0.261165,-0.212746,0
9230,0.820471,0.259517,-0.21581,0
9250,0.815136,0.250437,-0.215744,0
9270,0.813512,0.24158,-0.216599,0
9290,0.812552,0.241896,-0.218582,0
9310,0.812652,0.246863,-0.220697,0
9330,0.814914,0.252417,-0.222109,0
9350,0.815875,0.252619,-0.223722,0
9370,0.817422,0.249493,-0.225466,0
9390,0.817958,0.245881,-0.228298,0
9410,0.819387,0.246749,-0.228506,0
9430,0.821263,0.249686,-0.228062,0
9450,0.823149,0.252327,-0.229647,0
9470,0.825881,0.249718,-0.231783,0
9490,0.826705,0.245147,-0.231763,0
9510,0.825206,0.239974,-0.230677,0
9530,0.819925,0.237436,-0.23119,0
9550,0.813688,0.238266,-0.232078,0
9570,0.809356,0.24223,-0.232079,0
9590,0.809111,0.248665,-0.231583,0
9610,0.811551,0.254221,-0.23262,0
9630,0.815598,0.255101,-0.234259,0
9650,0.818372,0.253386,-0.234755,0
9670,0.819872,0.25008,-0.235483,0
9690,0.81873,0.248484,-0.237457,0
9710,0.817052,0.247565,-0.239061,0
9730,0.815975,0.246976,-0.239668,0
9750,0.814498,0.245091,-0.240818,0
9770,0.813496,0.243978,-0.240818,0
9790,0.811509,0.245364,-0.240792,0
9810,0.809198,0.250503,-0.241816,0
9830,0.810419,0.253084,-0.243238,0
9850,0.813554,0.253802,-0.243907,0
9870,0.819717,0.251412,-0.243633,0
9890,0.825918,0.245952,-0.244003,0
9910,0.828387,0.240365,-0.243781,0
9930,0.826285,0.237516,-0.243642,0
9950,0.820681,0.237464,-0.24389,0
9970,0.814344,0.241835,-0.242614,0
9990,0.809116,0.248404,-0.241346,0
10010,0.807649,0.253109,-0.241646,0
10030,0.809252,0.254351,-0.242923,0
10050,0.812995,0.252308,-0.243477,0
10070,0.815761,0.249203,-0.244467,0
10090,0.816377,0.245109,-0.247072,0
10110,0.815398,0.241575,-0.249164,0
10130,0.813718,0.239146,-0.250709,0
10150,0.814316,0.237554,-0.25203,0
10170,0.81481,0.239892,-0.251959,0
10190,0.814174,0.245627,-0.251242,0
10210,0.813563,0.250791,-0.252235,0
10230,0.81214,0.252005,-0.253733,0
10250,0.809453,0.248736,-0.255024,0
10270,0.808378,0.243599,-0.256264,0
10290,0.809144,0.239332,-0.25813,0
10310,0.811179,0.238238,-0.259684,0
10330,0.812563,0.240423,-0.260719,0
10350,0.813241,0.241368,-0.261353,0
10370,0.811999,0.241413,-0.261977,0
10390,0.810696,0.242477,-0.261891,0
10410,0.811871,0.244796,-0.261795,0
10430,0.814562,0.246632,-0.261786,0
10450,0.81709,0.24767,-0.261881,0
10470,0.818848,0.24577,-0.262004,0
10490,0.818895,0.243732,-0.261631,0
10510,0.816257,0.244696,-0.261265,0
10530,0.813573,0.245632,-0.261452,0
10550,0.810814,0.246925,-0.260986,0
10570,0.808911,0.246864,-0.260717,0
10590,0.808755,0.246894,-0.260845,0
10610,0.810458,0.246448,-0.260659,0
10630,0.811675,0.24707,-0.260046,0
10650,0.81169,0.24668,-0.260061,0
10670,0.81007,0.2452,-0.261316,0
10690,0.806398,0.24435,-0.262747,0
10710,0.803747,0.246589,-0.261332,0
10730,0.802177,0.25067,-0.26152,0
10750,0.802615,0.252036,-0.263228,0
10770,0.806073,0.251644,-0.263021,0
10790,0.810161,0.250232,-0.262358,0
10810,0.81234,0.248097,-0.262682,0
10830,0.811843,0.24568,-0.263197,0
10850,0.807952,0.245901,-0.262285,0
10870,0.803786,0.249896,-0.260919,0
10890,0.798415,0.255379,-0.261636,0
10910,0.794936,0.256558,-0.261833,0
10930,0.793802,0.253356,-0.261695,0
10950,0.795219,0.248658,-0.262282,0
10970,0.798228,0.245794,-0.263666,0
10990,0.801829,0.246413,-0.263561,0
11010,0.80378,0.249868,-0.262682,0
11030,0.804011,0.253669,-0.263012,0
11050,0.803496,0.254752,-0.263568,0
11070,0.801053,0.252779,-0.263447,0
11090,0.797252,0.249169,-0.263839,0
11110,0.793345,0.246171,-0.265056,0
11130,0.789457,0.244722,-0.266457,0
11150,0.7865,0.244405,-0.268542,0
11170,0.786988,0.245568,-0.269799,0
11190,0.790851,0.248978,-0.270465,0
11210,0.796671,0.251289,-0.271417,0
11230,0.803563,0.251548,-0.271795,0
11240,0.808857,0.248441,-0.271908,0
11260,0.810938,0.242859,-0.272036,0
11280,0.809255,0.238759,-0.271656,0
11300,0.805584,0.238214,-0.270772,0
11320,0.799876,0.240514,-0.270199,0
11340,0.793608,0.243607,-0.27013,0
11360,0.789795,0.245394,-0.270347,0
11380,0.78876,0.246123,-0.270946,0
11400,0.79088,0.24615,-0.271321,0
11420,0.795752,0.245855,-0.271933,0
11440,0.800999,0.244277,-0.272497,0
11460,0.804687,0.241763,-0.273429,0
11480,0.805987,0.239129,-0.273899,0
11500,0.80513,0.237526,-0.274894,0
11520,0.802076,0.235683,-0.275952,0
11540,0.798795,0.235561,-0.276467,0
11560,0.795152,0.236484,-0.277411,0
11580,0.792711,0.238628,-0.27816,0
11600,0.79305,0.240704,-0.278807,0
11620,0.795124,0.240491,-0.280805,0
11640,0.799407,0.236781,-0.283008,0
11660,0.803146,0.232588,-0.283406,0
11680,0.803935,0.22917,-0.285049,0
11700,0.802803,0.226726,-0.287604,0
11720,0.803015,0.226933,-0.288603,0
11740,0.805843,0.230251,-0.287892,0
11760,0.809358,0.233001,-0.288327,0
11780,0.812067,0.2311,-0.289516,0
11800,0.812356,0.226865,-0.289221,0
11820,0.810443,0.224268,-0.289039,0
11840,0.808904,0.224352,-0.289904,0
11860,0.807512,0.225804,-0.290464,0
11880,0.807709,0.228327,-0.289397,0
11900,0.810521,0.229349,-0.288983,0
11920,0.814933,0.227338,-0.289186,0
11940,0.820186,0.222418,-0.288515,0
11960,0.82512,0.217125,-0.287808,0
11980,0.827635,0.213818,-0.287461,0
12000,0.825449,0.212458,-0.287453,0
12020,0.819371,0.212483,-0.286492,0
12040,0.812348,0.215052,-0.28559,0
12060,0.808395,0.219001,-0.285889,0
12080,0.807515,0.222128,-0.28668,0
12100,0.811407,0.22296,-0.286281,0
12120,0.81888,0.221782,-0.28585,0
12140,0.827734,0.2204,-0.285584,0
12160,0.835376,0.219067,-0.285663,0
12180,0.841151,0.218117,-0.284736,0
12200,0.842991,0.215064,-0.283794,0
12220,0.839527,0.208318,-0.283442,0
12240,0.833172,0.19994,-0.281857,0
12260,0.826471,0.193899,-0.27625,0
12280,0.821669,0.196702,-0.267645,0
12300,0.819421,0.207623,-0.259303,0
12320,0.821441,0.218797,-0.249568,0
12340,0.839278,0.236578,-0.229269,0
12360,0.850807,0.258929,-0.210404,0
12380,0.873688,0.274995,-0.219924,0
12400,0.915009,0.305422,-0.258353,0
12420,0.955536,0.321024,-0.28466,0
12440,0.978261,0.304664,-0.280354,0
12460,0.972727,0.305966,-0.268575,0
12480,0.933031,0.337256,-0.294096,0
12500,0.882521,0.348804,-0.30833,0
12520,0.859992,0.354639,-0.306767,0
12540,0.854482,0.349449,-0.342211,0
12560,0.84181,0.343237,-0.365388,0
12580,0.826544,0.35043,-0.375026,0
12600,0.843609,0.368593,-0.367042,0
12620,0.878432,0.343575,-0.336681,0
12640,0.915022,0.333126,-0.307857,0
12660,0.939715,0.337524,-0.331391,0
12680,1.01879,0.325303,-0.334861,0
12700,1.12832,0.279492,-0.271013,0
12720,1.24254,0.210164,-0.187177,0
12740,1.36005,0.143664,-0.112734,0
12760,1.50858,0.0629362,-0.0630597,0
12780,1.65932,-0.0088314,-0.0327939,0
12800,1.77515,-0.0298976,-0.0632139,0
12820,1.82598,-0.0586634,-0.0976674,0
12840,1.83906,-0.103807,-0.119598,0
12860,1.80942,-0.132434,-0.113688,0
12880,1.76746,-0.122762,-0.0972219,0
12900,1.73961,-0.0926725,-0.0815716,0
12920,1.70295,-0.0685609,-0.0801203,0
12940,1.67541,-0.0286789,-0.112126,0
12960,1.6515,0.016552,-0.154389,0
12980,1.64066,0.0337485,-0.209826,0
13000,1.62624,0.0549798,-0.252007,0
13020,1.5725,0.135783,-0.295494,0
13040,1.48921,0.238034,-0.386815,0
13060,1.39052,0.306762,-0.479001,0
13080,1.28701,0.35028,-0.579349,0
13100,1.21215,0.367899,-0.630881,0
13120,1.16666,0.393855,-0.682222,0
13140,1.1643,0.40575,-0.70431,0
13160,1.16905,0.431252,-0.708646,0
13180,1.14622,0.450078,-0.720938,0
13200,1.12271,0.46308,-0.746999,0
13220,1.07683,0.450143,-0.795743,0
13240,1.00823,0.420957,-0.856011,0
13260,0.929734,0.366134,-0.922574,0
13280,0.848818,0.282473,-0.99455,0
13300,0.753828,0.158915,-1.06469,0
13320,0.66335,0.00794124,-1.09516,0
13340,0.56198,-0.13278,-1.06844,0
13360,0.436347,-0.176659,-1.016,0
13380,0.36325,-0.207033,-0.970556,0
13400,0.274968,-0.196071,-0.886042,0
13420,0.233072,-0.121677,-0.889305,0
13440,0.259663,-0.00226975,-0.920953,0
13460,0.234079,0.0781934,-0.900198,0
13480,0.35215,0.0652075,-0.872225,0
13500,0.483485,0.0321581,-0.88283,0
13520,0.520372,0.0323568,-0.903943,0
13540,0.575846,0.0233394,-0.931357,0
13560,0.648207,0.0164906,-0.978105,0
13580,0.705481,-0.00882074,-1.02613,0
13600,0.698903,-0.033645,-1.05962,0
13620,0.665784,-0.0718014,-1.08581,0
13640,0.655908,-0.100773,-1.11286,0
13660,0.648854,-0.106576,-1.13107,0
13680,0.632676,-0.100826,-1.14655,0
13700,0.632699,-0.112121,-1.15696,0
13720,0.636793,-0.130231,-1.16939,0
13740,0.642643,-0.153354,-1.1916,0
13760,0.613143,-0.179937,-1.20253,0
13780,0.573501,-0.211991,-1.19516,0
13790,0.524711,-0.20974,-1.23001,0
13810,0.488707,-0.196543,-1.2803,0
13830,0.489044,-0.175661,-1.33496,0
13850,0.479652,-0.186207,-1.3475,0
13870,0.46145,-0.198599,-1.33123,0
13890,0.457838,-0.198414,-1.32325,0
13910,0.450723,-0.1945,-1.31355,0
13930,0.429867,-0.192104,-1.31201,0
13950,0.402353,-0.189874,-1.29914,0
13970,0.370706,-0.194152,-1.29141,0
13990,0.347292,-0.197702,-1.27277,0
14010,0.337028,-0.194361,-1.25901,0
14030,0.316554,-0.167724,-1.25688,0
14050,0.304052,-0.119438,-1.22125,0
14070,0.261473,-0.0630598,-1.16758,0
14090,0.231372,0.00705758,-1.12998,0
14110,0.206019,0.0697093,-1.10127,0
14130,0.160018,0.138868,-1.06735,0
14150,0.141803,0.204102,-1.02811,0
14170,0.132916,0.265013,-0.984211,0
14190,0.122474,0.310348,-0.953507,0
14210,0.128309,0.330858,-0.943102,0
14230,0.134955,0.331652,-0.921018,0
14250,0.146296,0.335786,-0.892163,0
14270,0.167401,0.346007,-0.879236,0
14290,0.187488,0.363988,-0.875933,0
14310,0.200981,0.383005,-0.871987,0
14330,0.208633,0.394888,-0.872663,0
14350,0.205188,0.384316,-0.88391,0
14370,0.199893,0.354722,-0.909603,0
14390,0.189089,0.300362,-0.965177,0
14410,0.192297,0.222331,-1.00206,0
14430,0.196342,0.132001,-1.04215,0
14450,0.208154,0.0580972,-1.06972,0
14470,0.235413,0.0217577,-1.08994,0
14490,0.25395,0.0378277,-1.12896,0
14510,0.264388,0.052481,-1.17024,0
14530,0.289616,0.0365253,-1.21481,0
14550,0.28175,0.00839126,-1.26602,0
14570,0.271102,0.000437528,-1.3307,0
14590,0.286403,0.00186579,-1.39477,0
14610,0.307883,0.0113239,-1.43637,0
14630,0.323663,0.016893,-1.46142,0
14650,0.347677,0.0302368,-1.45667,0
14670,0.369196,0.048329,-1.46094,0
14690,0.361884,0.0663075,-1.44988,0
14710,0.341148,0.0675625,-1.42627,0
14730,0.322571,0.0710525,-1.39209,0
14750,0.282126,0.0969334,-1.36039,0
14770,0.268748,0.108924,-1.27573,0
14790,0.263274,0.120895,-1.18271,0
14810,0.260257,0.159215,-1.0957,0
14830,0.314474,0.21634,-0.976821,0
14850,0.373129,0.31344,-0.813642,0
14870,0.469441,0.428871,-0.672309,0
14890,0.559258,0.490853,-0.624749,0
14910,0.634098,0.469331,-0.591374,0
14930,0.725794,0.379573,-0.592299,0
14950,0.8027,0.301058,-0.648418,0
14970,0.882815,0.23947,-0.68444,0
14990,0.969986,0.19467,-0.697021,0
15010,1.05952,0.188507,-0.718522,0
15030,1.1171,0.200381,-0.741304,0
15050,1.1503,0.193187,-0.745855,0
15070,1.14987,0.166198,-0.746811,0
15090,1.14339,0.168239,-0.749535,0
15110,1.13307,0.18805,-0.737353,0
15130,1.114,0.216668,-0.709076,0
15150,1.06508,0.246722,-0.69209,0
15170,1.00005,0.264797,-0.711362,0
15190,0.936418,0.260916,-0.745957,0
15210,0.862881,0.252148,-0.793682,0
15230,0.783957,0.251762,-0.868223,0
15250,0.705212,0.230698,-0.957034,0
15260,0.646878,0.189487,-1.02265,0
15260,0.596289,0.159718,-1.06117,0
15280,0.564134,0.144481,-1.09192,0
15310,0.528448,0.139803,-1.12173,0
15350,0.502371,0.131872,-1.14789,0
15370,0.484035,0.126182,-1.17742,0
15390,0.473491,0.110783,-1.21049,0
15410,0.467045,0.0926404,-1.23778,0
15430,0.460956,0.0687865,-1.25615,0
15450,0.464543,0.0479744,-1.27333,0
15470,0.466142,0.0385802,-1.28823,0
15490,0.46512,0.0174524,-1.30375,0
15510,0.461024,-0.00454764,-1.3148,0
15530,0.454579,-0.0237296,-1.32354,0
15550,0.450557,-0.0502979,-1.33176,0
15570,0.44317,-0.0730276,-1.34161,0
15590,0.427243,-0.100622,-1.34864,0
15610,0.41388,-0.12848,-1.35722,0
15630,0.405066,-0.146038,-1.36306,0
15650,0.390638,-0.141528,-1.36331,0
15670,0.382945,-0.121796,-1.36324,0
15690,0.389758,-0.110426,-1.36038,0
15710,0.393554,-0.101059,-1.35339,0
15730,0.401612,-0.0978656,-1.35114,0
15750,0.409705,-0.0984197,-1.34982,0
15770,0.412343,-0.101924,-1.34238,0
15790,0.412669,-0.105411,-1.33542,0
15810,0.415942,-0.112257,-1.32636,0
15830,0.413398,-0.123904,-1.30841,0
15850,0.410033,-0.141425,-1.27991,0
15870,0.412573,-0.163204,-1.25306,0
15890,0.414504,-0.186316,-1.23328,0
15910,0.420981,-0.19618,-1.2098,0
15930,0.431084,-0.217725,-1.1989,0
15950,0.452327,-0.229553,-1.18191,0
15970,0.457254,-0.206346,-1.17401,0
15990,0.462341,-0.161205,-1.18869,0
16010,0.470556,-0.13085,-1.20817,0
16030,0.467762,-0.11617,-1.22543,0
16050,0.459938,-0.0859973,-1.22035,0
16070,0.434568,-0.0676209,-1.21801,0
16090,0.418931,-0.0792514,-1.22123,0
16110,0.38428,-0.124193,-1.2313,0
16130,0.336552,-0.203738,-1.2416,0
16150,0.304343,-0.280143,-1.24298,0
16170,0.281677,-0.330354,-1.24782,0
16190,0.244119,-0.367634,-1.23669,0
16210,0.237251,-0.38506,-1.2088,0
16230,0.239363,-0.388084,-1.18269,0
16250,0.229179,-0.384553,-1.16368,0
16270,0.264091,-0.383621,-1.15228,0
16290,0.303455,-0.397362,-1.14495,0
16310,0.343913,-0.425792,-1.14801,0
16320,0.412685,-0.466294,-1.1749,0
16340,0.497335,-0.522722,-1.2183,0
16360,0.583779,-0.585956,-1.27283,0
16380,0.6772,-0.622678,-1.35732,0
16400,0.788844,-0.60664,-1.46612,0
16420,0.896477,-0.598765,-1.54949,0
16440,0.935888,-0.623724,-1.54596,0
16460,0.977536,-0.609482,-1.53847,0
16480,0.99801,-0.540207,-1.52991,0
16500,0.991948,-0.476943,-1.49328,0
16520,0.989542,-0.453621,-1.45985,0
16540,0.986966,-0.429153,-1.4455,0
16560,0.998463,-0.424349,-1.44665,0
16580,0.99971,-0.42177,-1.45261,0
16600,1.00799,-0.418711,-1.44594,0
16620,0.999199,-0.411204,-1.41237,0
16640,0.992047,-0.393245,-1.35271,0
16660,0.98266,-0.373282,-1.2688,0
16680,0.974346,-0.33641,-1.1793,0
16700,0.979445,-0.293395,-1.09724,0
16720,1.01568,-0.282453,-0.999051,0
16740,1.004,-0.243554,-0.94767,0
16760,1.00983,-0.203455,-0.932202,0
16780,1.01832,-0.186751,-0.924566,0
16800,1.01666,-0.185113,-0.93126,0
16820,1.00248,-0.191071,-0.943496,0
16820,0.986973,-0.202067,-0.953773,0
16840,0.975458,-0.213211,-0.965477,0
16880,0.966798,-0.219657,-0.974873,0
16900,0.965671,-0.220131,-0.964676,0
16920,0.963312,-0.209787,-0.941323,0
16940,0.96304,-0.190151,-0.924975,0
16960,0.954271,-0.175002,-0.921599,0
16980,0.940074,-0.162532,-0.925012,0
17000,0.917588,-0.145474,-0.928882,0
17020,0.881183,-0.133231,-0.932111,0
17040,0.835392,-0.120814,-0.943845,0
17060,0.797929,-0.0855005,-0.938884,0
17080,0.758464,-0.0256313,-0.912906,0
17100,0.733676,0.0318506,-0.878833,0
17120,0.701988,0.101599,-0.843372,0
17140,0.66904,0.174621,-0.827269,0
17160,0.641403,0.228871,-0.830774,0
17180,0.619473,0.246822,-0.856644,0
17200,0.590757,0.244334,-0.902704,0
17220,0.549988,0.212741,-0.969922,0
17240,0.499616,0.149733,-1.05446,0
17260,0.459381,0.0679318,-1.12971,0
17280,0.433068,0.00486152,-1.1712,0
17300,0.408762,-0.0148646,-1.18586,0
17320,0.375816,-0.00383415,-1.18118,0
17340,0.327976,0.00340687,-1.18525,0
17360,0.292488,0.0166876,-1.18501,0
17380,0.263866,0.00823466,-1.20792,0
17400,0.23225,-0.00285898,-1.22834,0
17420,0.19373,0.000759535,-1.24052,0
17440,0.150942,0.0278066,-1.25604,0
17460,0.12471,0.055134,-1.26168,0
17480,0.113553,0.0617734,-1.26704,0
17500,0.120027,0.0582726,-1.27366,0
17520,0.122198,0.0543745,-1.27688,0
17540,0.113365,0.057682,-1.27861,0
17560,0.103045,0.0654113,-1.27902,0
17580,0.0928144,0.0744702,-1.27821,0
17600,0.0843727,0.0864819,-1.27657,0
17620,0.0861096,0.11623,-1.26618,0
17640,0.067637,0.122847,-1.23189,0
17660,0.0780103,0.139482,-1.20294,0
17680,0.0741805,0.159652,-1.16521,0
17700,0.0739978,0.194834,-1.11236,0
17720,0.124862,0.249861,-1.07914,0
17740,0.156426,0.267681,-1.05931,0
17760,0.149515,0.265308,-1.03971,0
17780,0.126457,0.271879,-1.05542,0
17800,0.10505,0.235611,-1.10454,0
17820,0.0583666,0.176799,-1.14385,0
17840,0.0585948,0.137898,-1.15485,0
17860,0.0648383,0.127094,-1.16276,0
17880,0.041236,0.134857,-1.18802,0
17900,0.0087056,0.0983252,-1.24723,0
17920,-0.00322601,0.0513663,-1.29088,0
17940,-0.0135353,0.0268798,-1.31661,0
17960,-0.0170602,0.033899,-1.321,0
17980,-0.0305435,0.039666,-1.3319,0
18000,-0.0410162,0.0306073,-1.33831,0
18020,-0.0668765,0.0147166,-1.34232,0
18040,-0.0955472,0.00667538,-1.33758,0
18060,-0.138008,0.00808198,-1.32516,0
18080,-0.180481,0.0206302,-1.29901,0
18100,-0.253676,0.0579418,-1.24448,0
18120,-0.248723,0.0893049,-1.17918,0
18140,-0.306402,0.0745716,-1.11374,0
18160,-0.352271,0.0443488,-1.08324,0
18180,-0.416085,0.0133306,-1.07066,0
18200,-0.447198,-0.0149454,-1.04469,0
18220,-0.472555,-0.0293344,-1.00541,0
18240,-0.483568,-0.034665,-0.96684,0
18260,-0.474756,-0.0256409,-0.895599,0
18280,-0.45973,-0.0110426,-0.809509,0
18300,-0.458413,-0.0150939,-0.738421,0
18320,-0.45344,-0.043828,-0.705653,0
18340,-0.432596,-0.0813276,-0.694546,0
18360,-0.421937,-0.102887,-0.668054,0
18380,-0.432746,-0.131372,-0.619225,0
18400,-0.445111,-0.169968,-0.54841,0
18420,-0.452946,-0.219771,-0.479727,0
18440,-0.41899,-0.268481,-0.469838,0
18460,-0.422818,-0.290837,-0.465027,0
18480,-0.420288,-0.29964,-0.427704,0
18500,-0.404041,-0.295598,-0.400851,0
18520,-0.395455,-0.277204,-0.381991,0
18540,-0.397179,-0.252205,-0.366459,0
18560,-0.404349,-0.219003,-0.352189,0
18580,-0.398753,-0.184022,-0.361882,0
18600,-0.405525,-0.159579,-0.367321,0
18620,-0.401517,-0.151086,-0.362841,0
18640,-0.3935,-0.157119,-0.360004,0
18660,-0.387381,-0.175893,-0.358755,0
18680,-0.385592,-0.17738,-0.373486,0
18700,-0.400743,-0.182737,-0.419367,0
18720,-0.425247,-0.186239,-0.43566,0
18740,-0.44656,-0.186938,-0.441554,0
18760,-0.483301,-0.155536,-0.449836,0
18780,-0.501907,-0.0956864,-0.448634,0
18800,-0.524443,-0.0268525,-0.447455,0
18820,-0.535067,0.0460862,-0.452451,0
18840,-0.540404,0.0811804,-0.444447,0
18860,-0.525401,0.085205,-0.422462,0
18880,-0.502112,0.08194,-0.414532,0
18900,-0.488501,0.0594158,-0.389666,0
18910,-0.464656,0.0553279,-0.363367,0
18930,-0.441106,0.0633382,-0.356317,0
18950,-0.427384,0.0830225,-0.344776,0
18970,-0.428442,0.109576,-0.33615,0
18990,-0.438136,0.134673,-0.341475,0
19010,-0.456755,0.153704,-0.352691,0
19030,-0.465284,0.165079,-0.362289,0
19050,-0.480404,0.183048,-0.362999,0
19070,-0.491411,0.209754,-0.372171,0
19090,-0.49808,0.239854,-0.386317,0
19110,-0.492135,0.259894,-0.389524,0
19130,-0.478315,0.271034,-0.379397,0
19150,-0.467275,0.274003,-0.370744,0
19170,-0.466109,0.275568,-0.371584,0
19190,-0.468665,0.2749,-0.379431,0
19210,-0.476919,0.276154,-0.383719,0
19230,-0.481757,0.28792,-0.383573,0
19250,-0.487639,0.307437,-0.385453,0
19270,-0.489979,0.341695,-0.407021,0
19290,-0.485971,0.359119,-0.458354,0
19310,-0.487619,0.360917,-0.501576,0
