Timestamp, Electrode 1, Electrode 2, Electrode 3, Electrode 4, Electrode 5, Electrode 6, Electrode 7, Electrode 8, Marker
0,96,71,-111,111,-111,84,109,107,0
5,-70,-40,91,-90,91,-42,-97,-98,0
10,-96,-86,96,-96,96,-89,-103,-105,0
15,71,60,-78,22,-16,69,74,74,0
20,80,52,-74,66,-66,62,94,91,0
25,-40,-16,46,-52,53,-21,-56,-58,0
30,-82,-67,75,-66,65,-76,-99,-94,0
35,50,45,-40,-6,11,49,50,49,0
40,72,51,-71,61,-60,61,77,76,0
45,-17,-7,15,-25,27,-5,-37,-37,0
50,-87,-62,79,-77,77,-77,-98,-99,0
55,40,39,-42,6,-1,39,47,45,0
60,64,52,-66,54,-53,58,66,66,0
65,-40,-22,37,-40,42,-24,-55,-57,0
70,-60,-47,63,-65,65,-37,-66,-68,0
75,38,39,-41,11,-7,42,42,41,0
80,43,36,-48,42,-40,33,36,34,0
85,-34,-12,36,-42,44,-19,-47,-47,0
90,-41,-29,40,-44,45,-29,-47,-46,0
95,32,31,-39,14,-11,33,33,32,0
100,3,5,-26,17,-15,-3,-14,-12,0
105,-21,-9,21,-37,30,-12,-34,-34,0
110,-29,-21,25,-37,31,-15,-31,-34,0
115,15,13,-16,49,-41,13,7,6,0
120,70,48,-111,111,-111,49,72,72,0
125,-75,-38,99,-99,99,-50,-95,-94,0
130,-82,-62,103,-103,103,-65,-99,-91,0
135,66,67,-81,74,-73,64,60,62,0
140,60,33,-93,86,-86,40,67,62,0
145,-36,-15,51,-55,56,-21,-54,-49,0
150,-81,-60,99,-87,86,-71,-95,-96,0
155,51,54,-47,38,-37,51,50,49,0
160,60,41,-84,74,-74,42,58,57,0
165,-25,-10,23,-26,27,-12,-40,-41,0
170,-80,-60,95,-92,93,-63,-88,-92,0
175,43,40,-47,37,-36,43,46,47,0
180,52,38,-76,64,-63,34,52,47,0
185,-45,-27,43,-48,49,-30,-58,-58,0
190,-52,-39,63,-67,68,-36,-55,-56,0
195,39,33,-44,34,-33,42,41,39,0
200,30,19,-44,41,-40,20,23,19,0
205,-28,-12,37,-44,46,-18,-40,-41,0
210,-32,-25,39,-46,48,-18,-35,-37,0
215,30,24,-38,30,-29,30,26,28,0
220,12,7,-22,16,-15,9,5,2,0
225,-23,-8,20,-29,31,-17,-30,-29,0
230,-21,-15,22,-32,34,-15,-25,-25,0
235,13,16,-15,14,-5,19,7,4,0
240,2,4,-18,17,-10,8,-2,-6,0
245,-11,-3,10,-13,21,-4,-20,-20,0
250,-18,-10,21,-45,30,-7,-26,-29,0
255,8,0,-7,2,-5,5,5,3,0
260,7,5,-16,23,-13,9,1,4,0
265,-8,-2,4,-15,10,-1,-17,-19,0
270,-16,-10,20,-40,43,-15,-25,-25,0
275,8,-11,-7,13,-7,2,5,3,0
280,2,8,-15,17,-15,9,-7,-5,0
285,-9,-3,7,-22,16,-6,-22,-23,0
290,-10,-9,19,-32,27,0,-11,-10,0
295,6,1,-1,6,-7,1,4,3,0
300,-18,-10,-12,0,-12,-25,-40,-44,0
305,-6,-2,12,-23,13,-4,-20,-20,0
310,-6,6,17,-20,17,6,-10,-11,0
315,0,-3,-10,0,-7,0,4,1,0
320,4,3,-1,-6,2,-1,-11,-8,0
325,-5,-1,13,-13,7,-1,-18,-19,0
330,-5,3,16,-16,10,5,-2,-2,0
335,1,-5,2,-7,0,1,2,-1,0
340,-19,-14,3,-7,0,-21,-41,-40,0
345,-3,1,14,-13,3,-4,-17,-18,0
350,-2,4,12,-18,6,3,-2,7,0
355,-5,-2,7,-9,2,-2,-2,-2,0
360,-20,-16,7,-6,-1,-21,-43,-40,0
365,-7,-5,8,-13,1,-8,-16,-15,0
370,4,6,14,-17,9,3,-8,-9,0
375,-6,-1,9,-6,2,3,2,-2,0
380,-27,-18,10,-7,-1,-18,-36,-33,0
385,-7,-5,12,-15,2,-4,-18,-21,0
390,2,9,13,-15,6,8,2,-4,0
395,-7,-1,10,-8,2,-5,-2,-11,0
400,-14,-6,10,-11,0,-15,-24,-29,0
405,-8,1,13,-15,2,-1,-16,-19,0
410,4,5,13,-13,4,1,-1,-6,0
415,-3,3,8,-9,2,-2,-9,-10,0
420,-26,-21,13,-12,4,-23,-40,-35,0
425,-6,-2,14,-13,-1,-6,-16,-13,0
430,3,6,13,-12,7,4,-3,-6,0
435,-7,0,11,-11,9,-7,-13,-12,0
440,-21,-15,14,-12,-1,-19,-38,-34,0
445,-13,-8,14,-13,5,-6,-15,-9,0
450,1,4,12,-12,9,0,-10,-5,0
455,-10,-1,12,-11,-2,-9,-14,-14,0
460,-19,-17,15,-12,6,-15,-33,-32,0
465,-11,-7,13,-13,8,-5,-14,-12,0
470,0,1,13,-12,11,2,-4,0,0
475,-10,-6,14,-10,7,-5,-12,-14,0
480,-20,-13,9,-12,8,-19,-31,-29,0
485,-3,-8,8,-13,10,-5,-9,-9,0
490,2,-5,17,-11,8,-2,-1,0,0
495,-9,-3,7,-11,9,-8,-20,-19,0
500,-21,-5,6,-13,10,-5,-33,-36,0
505,-6,-7,19,-13,6,-7,-10,-11,0
510,1,-2,11,-11,10,1,4,1,0
515,-6,-5,2,-11,10,-3,-14,-14,0
520,-16,-7,4,-13,12,-1,-26,-30,0
525,-7,0,11,-12,11,1,-7,-9,0
530,-4,0,7,-10,11,0,2,-3,0
535,-8,-5,-1,-11,11,-5,-16,-13,0
540,-14,-5,8,-13,12,-8,-27,-34,0
545,-2,5,8,-12,12,2,-5,-6,0
550,5,1,4,-10,11,0,1,-2,0
555,-9,-10,4,-11,10,-4,-20,-11,0
560,-14,-5,6,-14,13,-7,-31,-26,0
565,-2,-1,6,-12,12,-1,-9,-4,0
570,0,6,2,-9,12,6,3,5,0
575,-19,-3,1,-11,12,-13,-34,-32,0
580,-40,-24,5,-58,14,-26,-70,-66,0
585,-8,-3,5,-13,13,-4,-8,-13,0
590,5,0,3,-14,11,6,1,-3,0
595,6,-3,0,-20,13,0,-4,-6,0
600,-4,5,4,-11,11,10,3,0,0
605,-7,-1,7,-12,8,0,-10,-14,0
610,8,-1,2,-17,15,4,6,2,0
615,-13,-4,-2,3,8,-6,-17,-25,0
620,-22,-10,45,-42,7,-12,-33,-33,0
625,-6,-3,7,-21,15,-6,-11,-12,0
630,2,0,6,-10,12,8,11,9,0
635,-7,0,6,-14,4,-1,-10,-10,0
640,-29,-16,40,-35,4,-17,-43,-40,0
645,-2,8,10,-18,12,5,-8,-11,0
650,-1,6,9,-16,8,6,-6,-4,0
655,-8,-8,-2,-2,0,2,-6,-7,0
660,-15,-5,33,-32,7,-6,-35,-38,0
665,-3,-5,13,-10,9,-9,-20,-18,0
670,9,14,5,-9,5,5,2,-5,0
675,-4,-9,2,-10,3,-2,-9,-6,0
680,-19,-9,28,-24,7,-10,-26,-27,0
685,-3,1,15,-17,7,-4,-20,-19,0
690,3,12,9,-10,2,7,-2,-4,0
695,1,-6,5,-10,2,-1,-9,-4,0
700,-22,-12,24,-22,5,-19,-37,-36,0
705,-5,-2,10,-11,5,-11,-24,-25,0
710,-1,6,10,-12,3,3,-6,-6,0
715,-4,-2,8,-7,0,-5,0,-2,0
720,-6,-5,18,-16,5,7,-11,-10,0
725,-10,-9,11,-14,7,-12,-20,-19,0
730,2,1,11,-11,2,1,-8,-5,0
735,-3,-8,9,-10,-1,-4,-3,-4,0
740,-13,-1,19,-15,4,-7,-15,-22,0
745,-16,-11,12,-13,6,-14,-20,-20,0
750,4,0,12,-12,1,5,-6,-4,0
755,-5,0,7,-8,-2,-2,-3,-8,0
760,-13,-11,18,-14,5,-11,-24,-24,0
765,-14,-13,13,-11,6,-16,-22,-23,0
770,5,-1,11,-10,1,-4,-6,-5,0
775,-3,2,9,-9,-1,-2,2,-6,0
780,-9,0,17,-12,41,-9,-21,-25,0
785,-15,-16,14,-13,6,-17,-19,-22,0
790,3,-4,11,-10,4,0,-5,-5,0
795,-7,-3,9,-9,6,-4,-3,-7,0
800,-12,-8,16,-12,34,-6,-19,-24,0
805,-14,-19,12,-11,9,-20,-18,-18,0
810,-1,6,11,-11,7,2,-2,0,0
815,-5,-2,10,-9,-3,-1,-8,-8,0
820,-21,-9,15,-10,35,-10,-27,-28,0
825,-14,-9,13,-12,12,-8,-14,-15,0
830,8,4,-33,-10,4,-3,-3,-2,0
835,-11,0,9,-9,3,-4,-11,-14,0
840,-22,-8,9,-10,31,-4,-25,-24,0
845,-9,-12,4,-12,14,-7,-14,-16,0
850,11,7,-26,-10,7,1,5,-1,0
855,2,4,4,-9,4,7,-8,-5,0
860,-13,-5,5,-10,27,3,-23,-22,0
865,-14,-12,15,-11,10,-6,-14,-17,0
870,9,12,-19,-9,8,10,10,11,0
875,7,5,1,-9,7,3,-11,-10,0
880,-12,-5,9,-9,22,-7,-26,-29,0
885,-11,-5,9,-11,12,-4,-16,-16,0
890,4,5,-14,-7,9,12,10,5,0
895,-2,11,-1,-9,9,7,-12,-9,0
900,-12,-5,5,-10,20,0,-19,-21,0
905,-10,2,5,-11,12,2,-10,-10,0
910,9,5,-10,-8,10,17,13,8,0
915,0,9,5,-8,7,1,-13,-13,0
920,-15,-8,3,-10,18,-3,-17,-19,0
925,-4,-2,3,-11,13,-1,-12,-13,0
930,10,13,-3,-8,9,16,7,15,0
935,3,3,4,-9,9,9,-12,-12,0
940,-5,-1,2,-110,17,-8,-22,-21,0
945,-11,-3,1,-16,13,-2,-13,-14,0
950,13,6,-2,24,-31,21,21,12,0
955,-7,9,2,-11,8,7,-3,-5,0
960,-13,-4,94,-88,11,-9,-19,-20,0
965,-13,-6,8,-12,4,-5,-12,-11,0
970,11,18,6,11,-25,20,18,17,0
975,2,3,5,-7,4,4,-10,-7,0
980,-16,-4,79,-70,6,-8,-17,-17,0
985,-7,-3,10,-24,14,-8,-18,-20,0
990,13,14,11,18,-18,18,12,12,0
995,0,2,4,-8,2,8,-6,-4,0
1000,-8,-2,64,-61,10,-5,-20,-16,0
1005,-4,-1,12,-17,9,-3,-17,-14,0
1010,10,16,3,10,-13,13,2,4,0
1015,-2,7,9,-8,-1,3,-8,-12,0
1020,-17,-8,52,-49,6,-6,-21,-21,0
1025,-12,-3,11,-14,6,2,-16,-14,0
1030,14,20,9,5,-9,11,1,2,0
1035,5,4,11,-15,5,6,0,-1,0
1040,-7,-4,44,-35,4,-7,-15,-19,0
1045,-6,-1,10,-13,3,-3,-17,-18,0
1050,6,11,11,-3,-3,16,-2,0,0
1055,-7,-5,13,-14,4,5,-7,-10,0
1060,-11,-5,31,-30,2,1,-16,-15,0
1065,-6,-2,12,-12,1,-5,-18,-19,0
1070,12,10,13,-4,-1,7,-4,-1,0
1075,10,3,13,-13,3,1,-3,-5,0
1080,-11,-6,28,-26,2,-5,-13,-14,0
1085,-12,-6,12,-14,4,-12,-16,-16,0
1090,11,11,13,-5,0,7,-4,-6,0
1095,-3,-5,13,-13,2,-2,-10,-13,0
1100,-11,-3,26,-24,80,-3,-14,-15,0
1105,-17,-11,13,-13,7,-18,-18,-18,0
1110,6,10,10,-6,6,7,-4,-3,0
1115,2,-1,14,-13,4,-2,-3,-3,0
1120,-12,-10,23,-21,67,-5,-16,-16,0
1125,-13,-19,13,-12,9,-21,-15,-18,0
1130,5,8,11,-7,10,6,-2,-3,0
1135,-8,-2,15,-15,6,-5,-3,-7,0
1140,-11,-6,21,-17,55,-2,-16,-15,0
1145,-17,-24,12,-12,10,-20,-17,-18,0
1150,6,7,11,-8,3,2,-5,-3,0
1155,-7,-7,15,-14,8,-4,-8,-7,0
1160,-9,-5,19,-16,57,-8,-15,-16,0
1165,-11,-17,12,-11,11,-14,-14,-17,0
1170,9,5,-69,-8,7,2,-1,-7,0
1175,-5,-6,11,-14,10,-3,-7,-6,0
1180,-9,1,13,-15,48,-7,-18,-18,0
1185,-13,-19,10,-12,11,-11,-13,-15,0
1190,4,-1,-73,-7,9,6,1,-1,0
1195,2,6,7,-14,12,6,-9,-7,0
1200,-12,-3,7,-15,35,-6,-14,-13,0
1205,-11,-10,10,-11,11,-6,-13,-15,0
1210,9,24,-58,-7,8,17,-2,-2,0
1215,11,7,5,-14,12,7,-9,-7,0
1220,-18,15,14,-14,31,-5,-17,-18,0
1225,-2,-9,7,-11,12,-8,-11,-15,0
1230,7,-14,-45,-6,10,10,-1,5,0
1235,-8,20,4,-14,13,29,-9,-7,0
1240,-27,-3,12,-13,28,6,-9,-19,0
1245,-4,-3,4,-11,12,-11,-13,-17,0
1250,-4,44,-35,-7,9,-4,1,-2,0
1255,15,31,5,-14,14,-3,-11,-5,0
1260,18,-3,8,-14,24,-15,-21,-8,0
1265,-12,-4,2,-11,12,4,-13,-12,0
1270,-5,11,-23,18,9,33,6,9,0
1275,1,22,5,-12,14,17,-5,-10,0
1280,-23,12,7,-12,22,11,-12,-20,0
1285,-9,4,1,-10,12,-3,-14,-14,0
1290,26,18,-18,73,-84,18,6,1,0
1295,12,11,4,-8,9,12,-10,-5,0
1300,-1,-11,6,-7,13,4,-16,-9,0
1305,-16,-9,1,-8,9,3,-13,-10,0
1310,2,1,-15,40,-68,13,7,6,0
1315,-1,10,3,-6,6,4,-6,-9,0
1320,-6,-2,69,-72,9,-10,-11,-16,0
1325,-10,-3,8,-15,9,-4,-12,-16,0
1330,17,17,-5,43,-53,0,8,5,0
1335,-2,5,-6,5,4,-1,-6,-6,0
1340,-5,-8,56,-64,17,-17,-15,-11,0
1345,-11,-12,11,-16,6,-10,-15,-13,0
1350,11,-10,2,28,-41,10,5,8,0
1355,2,-8,2,-3,4,-1,-6,-5,0
1360,-8,-26,47,-48,12,-15,-11,-12,0
1365,-7,-8,13,-16,3,-9,-13,-15,0
1370,11,-3,-2,26,-33,-4,-1,-1,0
1375,-2,-15,6,-6,5,-14,-6,-8,0
1380,-7,-23,39,-42,9,-18,-9,-12,0
1385,-5,-7,7,-9,2,-9,-11,-12,0
1390,15,-6,2,14,-20,-4,-5,-3,0
1395,-2,-16,8,-8,4,-2,-6,-6,0
1400,-10,-26,34,-35,7,-14,-8,-9,0
1405,-9,-10,10,-12,1,-2,-11,-12,0
1410,7,1,5,10,-17,10,-4,-4,0
1415,1,-7,9,-9,4,-6,-7,-7,0
1420,-10,-1,26,-26,6,1,-9,-10,0
1425,-8,3,11,-13,1,-5,-14,-16,0
1430,9,7,6,4,-13,5,-6,-7,0
1435,-1,4,7,-6,3,-1,-3,-5,0
1440,-18,3,23,-24,60,1,-10,-11,0
1445,-14,-3,12,-13,7,-1,-14,-13,0
1450,4,13,7,1,-6,14,-4,-4,0
1455,-8,2,9,-8,-5,1,-6,-7,0
1460,-13,8,21,-20,49,7,-11,-11,0
1465,-6,0,13,-13,10,-9,-13,-16,0
1470,0,16,6,2,0,9,-7,-9,0
1475,-8,1,10,-9,2,0,-6,-11,0
1480,-11,2,19,-19,48,4,-11,-13,0
1485,-6,-11,12,-11,12,-7,-10,-11,0
1490,1,11,7,-2,-2,7,-8,-7,0
1495,-5,-8,10,-9,4,-5,-7,-7,0
1500,-8,5,18,-17,40,-1,-11,-11,0
1505,-4,-11,12,-12,8,-14,-13,-10,0
1510,5,11,7,-3,1,2,-6,-6,0
1515,-10,-5,11,-9,7,-7,-8,-10,0
1520,-3,-3,16,-15,35,-14,-14,-15,0
1525,-5,-10,13,-12,11,-9,-11,-9,0
1530,6,7,1,-5,3,3,-7,-5,0
1535,0,-11,9,-9,8,-13,-8,-8,0
1540,-4,-8,15,-14,27,-15,-14,-14,0
1545,-6,-5,13,-12,11,-6,-12,-9,0
1550,2,3,-53,-6,5,0,-7,-8,0
1555,1,-4,2,-9,7,-4,-12,-13,0
1560,-6,-4,8,-14,24,-12,-15,-14,0
1565,-7,3,21,-12,12,0,-13,-12,0
1570,2,6,-42,-5,6,3,-8,-8,0
1575,0,4,-1,-9,9,-3,-16,-18,0
1580,-12,-7,4,-13,21,-7,-15,-14,0
1585,-8,9,13,-11,12,10,-12,-13,0
1590,3,10,-32,-5,5,9,-7,-9,0
1595,0,19,-2,-9,9,8,-16,-14,0
1600,-7,6,9,-13,19,5,-13,-15,0
1605,-8,16,10,-12,12,11,-10,-14,0
1610,0,11,-25,-6,6,6,-7,-8,0
1615,2,12,2,-8,10,9,-14,-15,0
1620,-15,8,6,-12,18,9,-14,-15,0
1625,-3,5,7,-12,12,15,-7,-13,0
1630,0,14,-19,49,-4,6,-7,-8,0
1635,3,14,-1,-1,9,9,-11,-16,0
1640,-13,5,4,-15,15,7,-12,-13,0
1645,0,8,7,-27,14,9,-5,-8,0
1650,1,10,-11,33,-51,5,-5,-8,0
1655,-2,2,-3,14,2,-2,-16,-18,0
1660,-7,-2,11,-12,8,0,-12,-12,0
1665,1,1,15,-23,20,-1,-7,-8,0
1670,-3,3,-4,26,-40,0,-7,-7,0
1675,-7,-4,-14,5,-1,-13,-23,-22,0
1680,-5,2,11,-19,5,-4,-12,-13,0
1685,-1,-7,17,-22,13,-8,-8,-6,0
1690,1,-7,-2,17,-31,-6,-6,-7,0
1695,-4,-12,-4,-6,-2,-13,-21,-20,0
1700,6,-7,14,-17,9,-7,-12,-12,0
1705,0,-8,18,-12,10,-5,-7,-7,0
1710,-5,-6,2,10,-24,-3,-7,-6,0
1715,-7,-9,3,-7,2,-12,-16,-12,0
1720,-5,-12,14,-13,6,-13,-12,-12,0
1725,-7,-1,10,-13,7,2,-4,-5,0
1730,-5,-7,5,0,-18,-9,-10,-9,0
1735,-12,-18,6,-9,-1,-12,-15,-17,0
1740,-9,-17,11,-11,4,-9,-8,-9,0
1745,-1,5,12,-16,7,8,-7,-7,0
1750,-7,-10,9,-3,-11,-5,-12,-14,0
1755,-26,-18,9,-6,-2,-17,-31,-30,0
1760,-10,0,11,-11,3,-6,-9,-9,0
1765,-15,7,14,-15,8,10,-12,-13,0
1770,-12,-6,10,-5,-8,-3,-17,-18,0
1775,-25,-17,6,-7,-2,-10,-25,-29,0
1780,-20,-5,11,-12,5,2,-11,-13,0
1785,-9,5,15,-15,9,5,-10,-14,0
1790,-5,-1,11,-7,-4,-1,-11,-14,0
1795,-16,-5,8,-10,-6,-12,-17,-18,0
1800,-15,4,12,-12,11,1,-12,-13,0
1805,3,6,15,-13,13,7,-11,-11,0
1810,-3,-1,11,-8,0,0,-13,-14,0
1815,-8,-20,10,-10,-9,-17,-21,-24,0
1820,-4,1,12,-11,11,3,-12,-10,0
1825,7,2,13,-13,15,-6,-6,-9,0
1830,-6,-4,12,-10,1,-8,-17,-18,0
1835,-6,-17,10,-10,-1,-18,-19,-15,0
1840,-5,0,11,-10,12,-10,-8,-7,0
1845,5,-11,14,-13,15,-11,-7,-3,0
1850,-7,-6,13,-11,6,-6,-17,-15,0
1855,-14,-22,11,-9,1,-18,-17,-20,0
1860,7,-7,11,-10,12,-7,-10,-6,0
1865,-2,0,14,-13,11,-5,-7,2,0
1870,-8,-1,12,-11,8,-5,-17,-17,0
1875,-15,-12,9,-10,6,-19,-19,-20,0
1880,-3,-8,10,-10,11,-6,-11,-11,0
1885,-12,-3,16,-13,14,-5,-10,-9,0
1890,-13,-2,5,-11,10,1,-15,-18,0
1895,-15,-6,4,-10,7,-5,-20,-20,0
1900,-7,-5,6,-10,11,2,-10,-12,0
1905,-9,11,25,-12,13,5,-11,-8,0
1910,-12,5,3,-12,11,4,-15,-15,0
1915,-18,7,0,-10,6,2,-25,-23,0
1920,-10,11,7,-10,11,7,-11,-12,0
1925,-8,12,14,-12,14,16,-10,-14,0
1930,-8,5,2,-12,11,7,-15,-17,0
1935,-13,10,-1,-10,9,9,-16,-24,0
1940,-6,14,4,-9,11,11,-8,-10,0
1945,-6,19,9,-12,14,16,-13,-13,0
1950,-1,5,2,-12,12,5,-11,-15,0
1955,-3,6,6,-10,9,3,-12,-15,0
1960,-2,8,2,-9,11,5,-6,-9,0
1965,5,4,5,-12,13,5,-5,-10,0
1970,-3,-9,4,-5,12,-10,-11,-10,0
1975,0,-4,4,-4,10,-7,-12,-17,0
1980,3,7,0,-4,11,-6,-7,-8,0
1985,12,-1,3,-24,14,-6,2,-6,0
1990,-3,-17,4,-5,5,-11,-10,-10,0
1995,2,-12,3,1,4,-10,-8,-8,0
2000,7,-8,0,-7,6,-8,-6,-7,0
2005,11,-11,5,-20,25,-8,1,0,0
2010,-2,-12,3,-4,3,-8,-8,-6,0
2015,-7,-14,2,4,0,-17,-18,-13,0
2020,1,-12,-2,-11,7,-8,-12,-10,0
2025,-1,-9,8,-17,15,0,0,-2,0
2030,-6,16,9,1,2,14,-14,-14,0
2035,-55,-40,-3,-9,-2,-37,-85,-78,0
2040,-5,-3,5,-12,5,-2,-16,-17,0
2045,-3,6,10,-15,9,5,-6,-9,0
2050,-7,-3,-1,-8,2,1,-7,-11,0
2055,-37,-12,5,-9,6,-21,-61,-59,0
2060,-11,6,9,-11,3,1,-16,-18,0
2065,-4,20,12,-10,5,22,-4,-5,0
2070,-10,-2,6,-9,4,6,-8,-7,0
2075,-37,-12,8,-10,4,-27,-56,-54,0
2080,-14,-3,12,-9,1,-4,-15,-18,0
2085,-4,19,8,-14,2,21,-2,-2,0
2090,-16,-2,9,-10,4,-1,-4,-6,0
2095,-32,-20,11,-11,3,-28,-48,-56,0
2100,-12,-8,7,-12,0,-4,-18,-18,0
2105,5,0,10,-13,5,14,1,-3,0
2110,-5,-15,11,-10,4,-14,-5,-5,0
2115,-22,-35,12,-10,2,-29,-39,-36,0
2120,-6,-14,10,-12,-1,-14,-17,-18,0
2125,1,-8,11,-12,8,-7,-2,-2,0
2130,-7,-19,12,-9,9,-21,-7,-11,0
2135,-15,-34,11,-13,-2,-30,-28,-32,0
2140,-5,-22,12,-13,5,-11,-17,-10,0
2145,13,-14,11,-12,10,-13,0,-5,0
2150,-7,-25,10,-11,-1,-21,-13,-15,0
2155,-23,-24,16,-13,5,-27,-32,-30,0
2160,-12,-22,13,-12,8,-18,-19,-17,0
2165,4,-8,12,-10,10,-15,-7,-1,0
2170,-14,-16,12,-11,7,-19,-18,-14,0
2175,-19,-24,14,-13,7,-15,-34,-28,0
2180,-13,-10,14,-12,10,-7,-17,-12,0
2185,-2,0,11,-11,7,-1,-5,2,0
2190,-18,-1,12,-11,9,-8,-21,-23,0
2195,-31,-6,14,-13,10,-12,-30,-30,0
2200,-14,3,12,-12,6,-4,-17,-14,0
2205,-13,1,11,-11,10,7,-4,-6,0
2210,-25,2,13,-11,10,-1,-26,-26,0
2215,-28,4,14,-13,12,6,-32,-31,0
2220,-9,10,12,-13,10,8,-11,-13,0
2225,-13,16,13,-11,11,15,-7,-12,0
2230,-12,6,13,-11,11,1,-17,-23,0
2235,-20,9,8,-13,11,9,-22,-27,0
2240,-8,3,10,-12,12,1,-9,-14,0
2245,-1,14,15,-11,11,13,5,-3,0
2250,-6,-5,6,-11,9,-5,-10,-17,0
2255,-4,-3,5,-13,13,0,-13,-25,0
2260,5,3,16,-13,12,4,-1,-4,0
2265,15,4,10,-9,11,9,5,3,0
2270,3,-4,2,-11,11,-15,-16,-16,0
2275,-2,-11,5,-13,14,-9,-14,-19,0
2280,7,-2,10,-12,13,-10,-4,-7,0
2285,15,-1,6,-9,11,-4,14,8,0
2290,-3,-17,1,-11,12,-8,-17,-6,0
2295,-1,-9,7,-13,14,-12,-16,-11,0
2300,5,-1,7,-12,12,-3,-7,-2,0
2305,15,1,3,-9,11,7,2,17,0
2310,-6,-8,3,-11,12,-6,-16,-12,0
2315,-8,-4,6,-13,15,-2,-17,-16,0
2320,3,1,6,-12,13,0,-11,-7,0
2325,10,5,2,-9,12,0,3,5,0
2330,-13,-12,1,-11,14,-5,-16,-18,0
2335,-12,9,47,-55,10,2,-29,-19,0
2340,-8,10,6,-10,8,9,-12,-12,0
2345,3,17,8,-17,16,18,6,3,0
2350,-13,6,7,-17,7,7,-13,-14,0
2355,-31,0,40,-45,6,1,-30,-37,0
2360,-10,12,12,-18,18,8,-10,-11,0
2365,-9,13,10,-19,10,20,-1,2,0
2370,-10,6,-3,-2,2,11,-7,-14,0
2375,-17,7,33,-35,4,10,-20,-24,0
2380,-2,11,14,-21,11,13,-13,-15,0
2385,-2,10,6,-11,6,13,-1,-8,0
2390,-2,1,2,-4,0,2,-6,-7,0
2395,-11,-2,29,-31,8,2,-20,-29,0
2400,-2,-4,16,-19,8,0,-13,-16,0
2405,6,7,9,-11,4,3,2,-6,0
2410,3,-5,6,-9,4,-9,-1,-3,0
2415,-10,-18,26,-27,6,-12,-26,-31,0
2420,2,-10,10,-11,6,-13,-16,-14,0
2425,10,-1,10,-11,2,-3,-1,-5,0
2430,-17,6,8,-11,1,-2,8,3,0
2435,-18,6,18,-20,6,-23,-19,-29,0
2440,4,-15,11,-12,5,-23,-18,-26,0
2445,-6,18,12,-12,3,7,-9,9,0
2450,0,-3,10,-11,0,3,-10,-1,0
2455,-6,-23,17,-17,5,-11,-36,-25,0
2460,-18,3,13,-13,7,-6,-20,-18,0
2465,-1,12,12,-12,2,3,1,-7,0
2470,4,-10,7,-8,-1,-1,3,-11,0
2475,-25,-13,17,-15,40,-15,-37,-47,0
2480,-10,-19,13,-14,7,-18,-21,-22,0
2485,13,-9,10,-10,6,7,-7,-2,0
2490,0,0,8,-8,5,4,4,9,0
2495,-19,-2,16,-14,34,-7,-20,-17,0
2500,-14,-13,13,-13,10,-20,-18,-16,0
2505,-1,-2,11,-11,8,-11,-4,-7,0
2510,0,2,9,-9,-2,-2,-7,-7,0
2515,-13,-12,15,-13,30,-11,-30,-29,0
2520,-18,-14,12,-11,12,-17,-17,-15,0
2525,4,0,11,-11,4,6,3,6,0
2530,-2,0,10,-10,2,-2,-10,-9,0
2535,-23,-14,15,-11,32,-10,-28,-25,0
2540,-16,-13,13,-11,14,-11,-13,-18,0
2545,10,-3,6,-11,8,4,3,1,0
2550,0,6,10,-9,6,1,-9,-9,0
2555,-16,-8,14,-11,28,-11,-28,-26,0
2560,-20,-16,12,-12,10,-9,-20,-18,0
2565,8,5,-31,-10,9,1,-1,-3,0
2570,1,2,8,-9,6,3,-8,-7,0
2575,-12,-7,8,-10,23,-10,-29,-26,0
2580,-13,-7,6,-12,12,-8,-12,-15,0
2585,11,6,-25,-10,9,7,7,6,0
2590,1,5,4,-9,8,11,-8,-9,0
2595,-13,-7,5,-10,21,-11,-28,-27,0
2600,-14,-13,14,-12,13,-5,-13,-17,0
2605,8,10,-18,-6,10,4,8,14,0
2610,0,2,1,-9,7,5,-8,-11,0
2615,-13,-4,8,-10,19,-1,-25,-26,0
2620,-10,-3,8,-11,13,-4,-11,-11,0
2625,-1,4,-13,-8,10,10,15,9,0
2630,0,10,0,-9,9,10,-14,-10,0
2635,-14,-3,5,-10,18,-2,-20,-29,0
2640,-9,-5,5,-11,13,0,-10,-12,0
2645,13,13,-9,-8,10,21,17,8,0
2650,-1,5,5,-9,9,4,-12,-13,0
2655,-19,-1,3,-104,16,-5,-23,-22,0
2660,-6,-5,3,-16,12,0,-13,-12,0
2665,14,8,-3,-13,-31,18,16,19,0
2670,2,6,3,-11,9,8,-4,-3,0
2675,-12,-6,2,-95,10,0,-16,-17,0
2680,-10,-4,1,-19,5,0,-10,-12,0
2685,11,19,-2,8,-25,20,23,19,0
2690,-1,5,2,-11,5,0,-12,-13,0
2695,-18,-6,94,-76,6,-7,-19,-18,0
2700,-11,-6,8,-16,14,-5,-14,-16,0
2705,21,15,6,22,-18,16,13,16,0
2710,3,11,5,-11,1,7,3,0,0
2715,-10,-5,79,-60,9,-3,-14,-14,0
2720,-8,1,10,-21,9,0,-13,-13,0
2725,15,18,11,17,-13,18,8,15,0
2730,-2,-4,5,-11,-1,-2,-12,-8,0
2735,-12,-11,64,-52,6,-6,-21,-16,0
2740,-11,-1,12,-18,6,-2,-16,-20,0
2745,15,16,3,10,-9,12,5,5,0
2750,7,3,9,-11,5,5,2,4,0
2755,-14,-9,52,-38,4,-7,-17,-16,0
2760,-5,-1,11,-16,3,-2,-16,-14,0
2765,15,14,9,4,-3,13,0,0,0
2770,-4,2,11,-14,4,1,-1,-3,0
2775,-10,-3,44,-32,2,0,-15,-15,0
2780,-11,-3,10,-14,1,-15,-22,-17,0
2785,15,14,10,-1,-1,8,-6,1,0
2790,-3,-2,13,-14,3,-2,-1,-4,0
2795,-12,-2,31,-27,30,-9,-14,-15,0
2800,-13,-7,12,-13,5,-11,-14,-20,0
2805,6,7,11,-1,2,5,-5,-7,0
2810,0,-2,13,-14,3,2,0,-3,0
2815,-8,-5,29,-23,82,-6,-16,-16,0
2820,-17,-21,12,-13,8,-25,-18,-17,0
2825,10,2,12,-4,8,6,1,1,0
2830,-5,-3,13,-14,4,-3,-6,-5,0
2835,-14,-1,26,-21,63,-8,-15,-14,0
2840,-13,-24,12,-13,10,-21,-15,-17,0
2845,9,4,10,-6,7,-1,-5,-5,0
2850,1,-3,14,-14,6,-6,-6,-6,0
2855,-8,-5,24,-18,53,-7,-14,-15,0
2860,-15,-15,12,-12,10,-17,-13,-13,0
2865,3,9,11,-7,4,-1,-3,-2,0
2870,-4,-4,14,-14,9,-7,-8,-5,0
2875,-11,-5,22,-17,53,-14,-17,-15,0
2880,-14,-16,12,-12,10,-14,-14,-16,0
2885,7,7,-86,-8,8,7,-2,-5,0
2890,-2,-1,10,-14,11,-8,-9,-8,0
2895,-14,-3,13,-16,44,-9,-19,-18,0
2900,-11,-11,9,-11,11,-11,-15,-15,0
2905,1,5,-70,-7,10,5,-1,1,0
2910,2,4,6,-14,12,6,-8,-6,0
2915,-6,-11,8,-15,34,-6,-15,-15,0
2920,-11,-7,10,-11,12,-8,-13,-14,0
2925,5,5,-54,-8,9,9,4,4,0
2930,11,9,4,-14,13,16,-10,-10,0
2935,-11,-3,17,-14,30,-5,-15,-19,0
2940,-8,-7,6,-11,12,-6,-14,-16,0
2945,5,14,-43,-7,10,6,8,4,0
2950,5,21,4,-14,13,14,-11,-9,0
2955,-8,-4,12,-76,27,-5,-13,-16,0
2960,-13,-8,3,-19,12,-9,-16,-17,0
2965,9,11,-34,-12,8,11,5,3,0
2970,11,22,5,-4,14,18,-6,-6,0
2975,-15,-7,9,-2,24,-3,-21,-18,0
2980,-11,-8,2,-15,12,-7,-15,-17,0
2985,13,15,-21,-11,-84,11,13,12,0
2990,2,14,4,-21,9,8,-10,-12,0
2995,-9,-1,7,-65,15,-6,-17,-17,0
3000,-8,-5,1,-20,9,-4,-14,-14,0
3005,4,10,-17,73,-68,15,6,4,0
3010,2,7,4,-4,6,4,-8,-9,0
3015,-8,-8,67,-55,10,-4,-12,-12,0
3020,-6,-1,9,-14,10,-7,-13,-12,0
3025,10,12,-7,34,-53,15,5,3,0
3030,1,6,-6,-7,4,1,-7,-11,0
3035,-6,3,57,-44,18,0,-9,-9,0
3040,-12,-4,11,-25,6,-3,-18,-19,0
3045,9,11,0,47,-42,12,2,1,0
3050,5,11,2,-8,4,8,-5,-4,0
3055,-11,-2,47,-40,12,-12,-17,-16,0
3060,-6,-5,13,-15,4,-2,-15,-16,0
3065,18,17,-4,34,-33,15,4,4,0
3070,-4,0,6,-6,5,1,-10,-8,0
3075,-8,-5,39,-34,10,-2,-12,-14,0
3080,-10,2,7,-15,2,0,-15,-16,0
3085,11,10,1,24,-20,1,-8,-7,0
3090,-1,-1,8,-12,4,-3,-7,-7,0
3095,-13,-6,34,-27,8,-6,-11,-13,0
3100,-5,-1,10,-14,1,-3,-15,-15,0
3105,12,16,4,14,-17,17,-6,-5,0
3110,-2,-1,10,-8,4,4,-7,-8,0
3115,-7,1,25,-22,59,0,-11,-10,0
3120,-9,6,12,-13,8,-10,-19,-18,0
3125,8,8,6,9,-9,9,-9,-9,0
3130,-7,-6,7,-9,-5,-2,-8,-8,0
3135,-6,-9,23,-19,56,-4,-15,-16,0
3140,-10,-3,12,-15,11,-11,-16,-16,0
3145,6,5,8,6,-2,1,-9,-10,0
3150,-9,-10,9,-9,1,-14,-9,-12,0
3155,-10,5,21,-18,47,3,-14,-12,0
3160,-8,-14,13,-13,13,-13,-16,-17,0
3165,5,14,-59,3,-4,3,-8,-9,0
3170,-5,-1,2,-9,5,-11,-13,-14,0
3175,-10,0,13,-17,40,-7,-16,-17,0
3180,-7,-9,22,-12,8,-11,-15,-17,0
3185,0,12,-46,0,1,8,-10,-11,0
3190,-2,-5,-1,-10,8,-6,-9,-10,0
3195,-13,-3,6,-20,-22,-6,-16,-16,0
3200,-11,-15,14,-16,3,-2,-14,-15,0
3205,3,10,9,-2,-68,4,-8,-10,0
3210,-4,1,2,0,10,-7,-11,-12,0
3215,-22,-10,16,-23,30,-12,-15,-15,0
3220,-8,-11,3,-22,18,2,-11,-13,0
3225,-1,11,-18,-7,-51,0,-10,-12,0
3230,8,-1,7,-2,-12,-8,-10,-9,0
3235,-16,-14,13,-24,27,-1,-16,-15,0
3240,-8,-7,11,-25,22,9,-14,-11,0
3245,0,7,-31,45,-21,-5,-8,-9,0
3250,1,18,1,-4,-24,-17,-14,-13,0
3255,-22,-9,2,-19,35,0,-16,-16,0
3260,-10,-3,11,-27,-42,14,-10,-15,0
3265,-1,7,42,31,127,-7,-7,-8,0
3270,3,19,2,-6,127,-18,-15,-15,0
3275,-13,-9,10,-12,-128,4,-15,-18,0
3280,-5,-2,1,-24,-128,17,-10,-12,0
3285,2,6,34,14,82,-11,-7,-8,0
3290,-4,9,9,-3,127,-23,-17,-19,0
3295,-17,-5,15,-25,-45,8,-15,-15,0
3300,-7,-7,7,-3,-128,25,-6,-7,0
3305,2,2,18,25,52,-20,-8,-8,0
3310,-3,1,11,-29,127,-32,-18,-17,0
3315,-18,-3,8,127,-77,10,-12,-14,0
3320,-7,2,8,85,-128,41,-8,-9,0
3325,2,8,11,-49,57,-31,-7,-8,0
3330,-11,2,4,-110,127,-47,-23,-28,0
3335,-18,-14,9,15,-94,8,-14,-15,0
3340,-8,-9,13,69,-106,36,-7,-7,0
3345,1,-6,-36,-43,73,-18,-8,-10,0
3350,-17,-3,-1,-87,58,-26,-30,-33,0
3355,-16,4,4,27,-70,13,-13,-12,0
3360,-6,11,20,76,-54,14,-7,-11,0
3365,-1,12,-31,-39,22,10,-7,-9,0
3370,-15,8,-4,-106,35,10,-31,-33,0
3375,-14,12,10,8,-43,15,-12,-15,0
3380,-10,2,17,32,-47,21,-6,-9,0
3385,-1,4,-20,-48,20,-13,-9,-11,0
3390,-19,-27,-15,-65,-17,-42,-25,-29,0
3395,-8,-38,16,37,-14,3,-14,-14,0
3400,-4,-13,19,40,-60,28,-7,-9,0
3405,-2,-8,-17,16,-15,-30,-9,-10,0
3410,-18,-12,-2,42,6,-28,-26,-27,0
3415,-9,8,14,-76,-35,5,-6,-12,0
3420,-6,8,18,-98,-37,22,-6,-9,0
3425,-6,10,-17,-42,-54,-5,-11,-12,0
3430,-9,13,-5,69,-78,-14,-7,-11,0
3435,-15,7,7,-76,76,0,-5,-12,0
3440,-7,-5,24,-36,101,21,-5,-9,0
3445,-9,6,-3,-30,-45,-19,-13,-13,0
3450,-2,-19,38,-3,-82,-46,-13,-15,0
3455,-3,-32,9,-55,23,-8,1,-10,0
3460,-5,-6,-55,-6,93,18,-8,-10,0
3465,-10,-16,-6,-27,52,-11,-18,-21,0
3470,-15,-15,-3,45,-83,-21,-12,-15,0
3475,-9,17,-128,-64,127,11,-4,-6,0
3480,-11,17,-101,-20,127,4,-5,-14,0
3485,-16,6,63,47,-95,6,-15,-16,0
3490,-12,7,127,36,-113,10,-14,-13,0
3495,-7,6,18,-43,122,15,-4,-7,0
3500,-2,-6,-69,-73,58,15,0,-6,0
3505,-10,-7,50,54,-84,19,-13,-17,0
3510,-15,-34,80,14,-76,13,-16,-21,0
3515,-3,-20,-52,120,69,-2,-8,-9,0
3520,4,-3,-103,-61,106,-10,-4,-1,0
3525,-10,-9,28,40,-50,-10,-12,-17,0
3530,-23,-20,64,-57,-59,-18,-15,-27,0
3535,-15,-10,-55,49,74,-19,-5,-9,0
3540,-4,6,-55,-35,119,-22,-3,-3,0
3545,-9,-2,50,9,-63,2,-11,-16,0
3550,-18,-20,36,-87,-38,7,-17,-18,0
3555,3,4,-41,3,62,-11,-9,-9,0
3560,-2,3,-27,-26,96,-10,-5,-8,0
3565,-10,-21,30,-69,-53,-8,-11,-16,0
3570,-20,-18,16,-100,-53,-3,-13,-14,0
3575,5,3,-8,-24,45,1,-5,-6,0
3580,3,14,-10,-21,83,-8,-1,1,0
3585,-12,1,23,-38,-33,12,-14,-17,0
3590,-26,-11,34,-77,-5,9,-14,-21,0
3595,10,16,-2,-12,38,4,-4,-5,0
3600,6,22,-19,67,67,3,0,-1,0
3605,-15,2,5,-77,5,16,-12,-16,0
3610,-15,-9,16,-79,-4,12,-19,-30,0
3615,1,3,-16,3,32,4,-5,-8,0
3620,2,5,-25,45,56,4,0,-3,0
3625,-7,-6,2,-60,-2,4,-8,-11,0
3630,-25,-28,14,-50,6,-7,-31,-34,0
3635,-4,-5,-15,4,30,-17,-6,-7,0
3640,-1,0,-11,38,46,-17,2,4,0
3645,-10,-9,10,-43,12,-19,-9,-9,0
3650,-17,-11,14,-29,26,-11,-25,-33,0
3655,2,7,-8,6,38,-2,6,-5,0
3660,3,4,-12,26,-9,1,1,2,0
3665,-4,-19,0,-23,8,-9,-3,-8,0
3670,-9,1,3,-23,-1,3,-5,-1,0
3675,5,3,0,1,23,2,-4,-6,0
3680,3,6,3,21,63,8,2,3,0
3685,-5,0,0,-18,5,-1,-5,-7,0
3690,-25,-27,-4,-17,33,-16,-34,-34,0
3695,-7,-3,-2,0,41,3,-6,-10,0
3700,2,0,-4,18,-39,7,-3,-3,0
3705,-5,-9,2,-13,70,1,-3,-4,0
3710,-26,-21,1,-14,32,-9,-32,-33,0
3715,5,5,-6,3,-128,-4,-4,0,0
3720,-1,11,-3,-98,-128,-1,-2,-5,0
3725,-16,-21,-4,87,-60,-7,-8,-7,0
3730,-10,-9,1,70,-1,-10,-13,-21,0
3735,4,3,0,47,59,-2,-3,-1,0
3740,4,15,2,-63,-3,2,5,-4,0
3745,-12,-16,-2,52,102,4,-6,-9,0
3750,-35,-25,-7,64,51,-19,-36,-41,0
3755,-12,-1,1,-66,-102,-12,-7,-10,0
3760,10,2,1,-69,-92,6,3,11,0
3765,-9,-9,0,26,2,-7,-10,-16,0
3770,-12,-12,3,104,-15,-2,-13,-10,0
3775,3,-1,-1,-62,35,-3,-2,-8,0
3780,5,10,-4,-68,-5,4,0,2,0
3785,-12,0,-5,27,71,13,-10,-13,0
3790,-27,-26,1,18,-58,-2,-31,-29,0
3795,-7,-1,-3,-68,55,-3,-4,-7,0
3800,7,16,5,-59,19,2,0,10,0
3805,-12,-3,-3,30,-55,-4,-8,-13,0
3810,-9,-2,2,67,-14,-6,-15,-18,0
3815,-7,-9,-5,-56,7,4,-10,-2,0
3820,5,2,-2,-36,100,-3,6,-2,0
3825,-7,-7,6,37,-23,-1,-7,-8,0
3830,-28,-19,-9,24,-20,-16,-24,-19,0
3835,-8,-6,-2,-44,25,-11,-11,-9,0
3840,8,3,-11,-24,85,-5,3,0,0
3845,-10,-3,3,-3,-37,-6,-9,-6,0
3850,-21,-5,-5,-45,1,-4,-12,-25,0
3855,-7,-9,-4,-29,30,4,-6,-7,0
3860,0,3,-6,-31,-48,4,0,3,0
3865,-8,2,1,-3,-27,-1,-6,-12,0
3870,-16,-9,0,-91,55,-5,-24,-29,0
3875,-10,-5,-8,-27,11,-6,-5,-8,0
3880,4,3,0,7,-14,3,6,3,0
3885,-1,-6,0,-2,-19,-3,-9,-9,0
3890,-22,-14,3,-93,-30,-7,-18,-21,0
3895,-6,-7,-5,-39,30,-11,-3,-6,0
3900,1,1,-4,106,61,1,6,1,0
3905,-9,-6,0,-18,-24,-10,-10,-10,0
3910,-18,-15,2,-128,115,-6,-15,-13,0
3915,-5,2,0,127,14,-1,4,-2,0
3920,4,-2,-3,127,38,8,5,6,0
3925,-9,-6,-8,76,9,-9,-13,-12,0
3930,-15,-8,-3,103,94,-3,-16,-16,0
3935,2,2,3,42,11,3,5,5,0
3940,5,10,-7,16,62,4,9,9,0
3945,-6,-9,-1,-128,8,-3,-13,-12,0
3950,-14,-9,-2,-27,-35,11,-14,-11,0
3955,5,1,-6,127,5,5,9,6,0
3960,4,5,2,104,47,5,9,5,0
3965,-9,-5,0,-120,8,-8,-12,-13,0
3970,-9,-1,3,-74,-61,-2,-7,-18,0
3975,6,-3,-6,126,23,4,10,8,0
3980,9,5,3,127,-1,6,9,11,0
3985,-10,-16,-6,-128,-1,-17,-11,-14,0
3990,-9,-5,7,-84,-11,-3,-13,-8,0
3995,3,4,5,82,2,-1,7,6,0
4000,10,2,-3,120,-10,1,8,9,0
4005,-11,-11,-1,-82,10,-9,-14,-10,0
4010,-9,-3,3,-51,88,1,-11,-11,0
4015,4,-2,-3,53,8,-4,6,4,0
4020,5,7,-1,102,-128,3,8,3,0
4025,-9,-5,-1,-43,-11,-5,-11,-11,0
4030,-12,-2,1,-52,-23,3,-6,-12,0
4035,3,2,1,38,-73,5,4,8,0
4040,6,5,-2,85,-45,-2,11,3,0
4045,-10,-7,0,-35,58,-2,-9,-10,0
4050,-22,-10,5,-76,69,-8,-25,-21,0
4055,3,-3,7,31,-23,8,9,5,0
4060,6,8,14,-128,-32,11,8,8,0
4065,-1,-12,-37,-52,-4,-26,-18,-10,0
4070,-8,-4,-1,105,63,1,-10,-12,0
4075,0,0,15,45,-30,13,10,0,0
4080,17,13,23,8,-4,27,13,10,0
4085,-6,-7,-18,-25,44,-17,-12,-8,0
4090,-19,-9,-5,55,10,-9,-14,-16,0
4095,-1,-1,15,27,-43,6,-2,-2,0
4100,9,13,24,27,-3,18,20,11,0
4105,-5,-6,-23,-9,26,-9,-7,-5,0
4110,-11,-11,-11,32,-15,-12,-11,-11,0
4115,0,4,26,-18,-15,16,-2,-1,0
4120,8,15,19,-5,18,15,13,11,0
4125,-9,-9,-23,18,-1,-18,-10,-10,0
4130,-12,-11,0,4,5,-2,-13,-9,0
4135,-5,8,31,-37,6,17,7,-3,0
4140,8,15,8,-15,-14,7,7,3,0
4145,-14,-17,-13,24,2,-11,-15,-12,0
4150,-9,-7,8,10,23,0,-18,-14,0
4155,3,4,17,-38,4,5,2,-5,0
4160,11,14,3,2,-16,-6,12,8,0
4165,-17,-19,-11,25,1,-22,-17,-5,0
4170,-11,-7,6,-1,19,5,-6,-10,0
4175,3,18,13,-20,-6,14,15,-1,0
4180,17,24,-1,-8,-14,8,25,14,0
4185,-21,-27,-9,14,7,-17,-25,-11,0
4190,-5,2,3,8,13,3,-12,-6,0
4195,9,29,2,-14,-5,22,25,2,0
4200,20,24,-9,-12,-11,12,25,10,0
4205,-20,-24,1,9,-1,-23,-33,-8,0
4210,-7,-5,1,13,9,13,-1,-9,0
4215,2,20,1,-23,-11,21,35,4,0
4220,9,24,-10,-23,-14,8,37,16,0
4225,-7,-23,2,15,-12,-26,-53,-12,0
4230,-4,6,6,15,2,7,4,-5,0
4235,13,26,-2,0,15,30,71,12,0
4240,18,6,-13,-26,-25,-3,21,7,0
4245,-12,-33,-4,-4,-15,-28,-79,0,0
4250,-8,-3,2,17,10,9,21,-12,0
4255,19,35,3,1,7,39,77,-3,0
4260,21,20,-3,-13,-17,8,29,19,0
4265,-6,-26,-2,3,4,-24,-70,15,0
4270,-9,7,4,4,1,0,27,-10,0
4275,-14,9,6,-6,-28,14,78,-8,0
4280,2,12,-4,-25,-25,-7,15,7,0
4285,8,-25,-13,-4,18,-20,-72,13,0
4290,-8,-6,2,8,3,13,47,-5,0
4295,-12,19,8,2,-23,18,78,-8,0
4300,4,3,-8,-8,-20,-12,3,7,0
4305,8,-21,-12,6,21,-21,-60,14,0
4310,-7,2,2,6,4,8,49,-6,0
4315,-3,18,11,-14,-15,20,72,-8,0
4320,5,5,-7,-28,-25,-12,-18,14,0
4325,13,-23,-18,-9,10,-17,-47,11,0
4330,-13,-6,0,2,4,-1,56,-7,0
4335,-20,11,11,6,-14,6,50,-17,0
4340,11,-4,-11,-15,-23,-8,-30,19,0
4345,26,-7,-21,-6,-2,-21,-28,11,0
4350,-3,-1,-1,-4,-4,1,43,-14,0
4355,-22,-7,12,-8,-8,8,52,-19,0
4360,2,-9,-10,-12,-5,-22,-10,12,0
4365,26,13,-15,-2,-6,-16,-27,10,0
4370,-4,-7,12,4,-2,5,30,-5,0
4375,-19,-12,15,-7,-6,13,32,-23,0
4380,5,-10,-12,-19,-9,-1,-21,18,0
4385,31,4,-15,-9,4,-22,-12,12,0
4390,-3,-1,4,19,-12,52,-16,-6,0
4395,-20,-2,26,47,-128,34,-1,-29,0
4400,-31,-60,-94,-76,-122,-78,-56,-26,0
4405,24,48,83,-26,114,95,127,29,0
4410,-78,-43,-23,-12,-48,-27,-64,-50,0
4415,-44,-76,-23,-23,-92,-29,-119,-21,0
4420,64,76,0,35,-65,-8,34,34,0
4425,1,24,13,15,60,15,51,5,0
4430,-59,-42,-10,-83,-1,-19,-56,-43,0
4435,-46,-93,-17,-44,-66,-52,-123,-34,0
4440,78,1,5,2,-76,13,-51,15,0
4445,14,-67,-1,16,76,10,20,3,0
4450,-21,-24,10,-10,-62,-67,-33,-22,0
4455,-43,63,-75,5,-108,-115,-112,-7,0
4460,-55,31,8,-18,-26,-39,55,-5,0
4465,47,127,23,113,80,36,122,-3,0
4470,40,8,-5,-110,-81,79,-12,-4,0
4475,-8,-92,-41,-128,-98,-11,-76,-18,0
4480,4,27,27,-30,105,117,50,24,0
4485,1,36,44,91,76,30,68,16,0
4490,5,35,-15,-80,99,-60,-46,-5,0
4495,-4,-14,-58,-101,26,-47,-71,-15,0
4500,16,-8,37,62,-45,28,42,19,0
4505,-32,29,32,97,-128,47,34,0,0
4510,16,6,-6,91,-81,12,-19,21,0
4515,-1,-28,-31,-89,-32,-29,-44,5,0
4520,-9,-29,-3,-36,-41,-9,12,-10,0
4525,-12,30,18,67,-124,26,35,-10,0
4530,-23,-17,-1,50,-69,-11,-5,15,0
4535,-26,-56,-35,-57,-31,-22,-37,-4,0
4540,7,2,-11,45,53,-19,-2,-6,0
4545,16,43,19,-83,32,-14,32,5,0
4550,-26,-6,2,-77,16,-28,-16,7,0
4555,-33,-57,-9,-85,-36,-24,-42,-15,0
4560,16,21,7,29,46,6,25,13,0
4565,24,54,18,76,34,36,34,10,0
4570,-3,-31,-7,127,80,-16,-16,-7,0
4575,8,-38,-5,-48,-45,-13,-25,-8,0
4580,11,30,7,86,47,7,20,9,0
4585,4,23,17,65,60,12,27,10,0
4590,-12,-3,-6,-68,44,-15,-12,-2,0
4595,-5,-4,-4,-20,-47,-9,-10,-8,0
4600,-14,13,-1,23,19,5,8,0,0
4605,-5,14,-3,36,56,9,7,-6,0
4610,20,17,-10,28,-31,0,-7,12,0
4615,1,-3,-2,-15,-30,9,1,8,0
4620,-14,-6,6,-128,63,6,5,-8,0
4625,-3,-5,8,-128,33,11,10,-18,0
4630,13,1,-2,-52,74,6,-5,5,0
4635,13,-6,0,35,-15,1,-2,23,0
4640,4,-3,11,40,-49,9,9,-6,0
4645,-16,-3,8,82,25,4,1,-19,0
4650,-4,1,5,127,-103,-5,-6,1,0
4655,-6,3,-8,118,13,-15,-9,11,0
4660,-2,21,5,-69,15,9,11,3,0
4665,10,29,9,-128,10,19,18,0,0
4670,-3,-3,-1,7,-68,-3,-8,-7,0
4675,-8,-17,-8,127,-9,-4,-19,-12,0
4680,14,16,9,6,-12,11,16,9,0
4685,8,11,2,-103,16,7,27,18,0
4690,-10,-21,-4,-16,-49,-7,-15,-17,0
4695,-11,-20,-10,79,-15,-25,-30,-19,0
4700,27,12,6,-7,32,-2,23,25,0
4705,13,22,6,-110,26,3,31,22,0
4710,-28,-15,-3,5,-54,-11,-21,-30,0
4715,-19,-20,-11,97,-27,-12,-30,-26,0
4720,23,25,7,10,33,22,29,26,0
4725,21,24,10,-44,27,18,31,26,0
4730,-39,-23,-4,5,21,5,-38,-40,0
4735,-27,-28,-16,47,-9,-17,-32,-32,0
4740,26,22,9,-24,43,20,28,27,0
4745,20,21,6,-55,-11,12,26,22,0
4750,61,-40,-10,7,25,-4,-13,-9,0
4755,127,-2,1,54,6,-71,-25,-22,0
4760,-28,23,-6,-62,32,5,17,-4,0
4765,-128,12,12,-52,-2,18,0,39,0
4770,-77,-7,20,38,21,-5,-54,37,0
4775,-40,-32,-20,54,14,-3,-23,-18,0
4780,91,22,-14,-38,14,35,35,49,0
4785,9,-3,-24,-52,6,9,17,-17,0
4790,-26,-58,-5,48,26,-21,-42,-45,0
4795,-41,-10,4,59,0,-47,-31,15,0
4800,-19,26,12,-45,18,-13,3,29,0
4805,-9,8,-7,-42,10,19,12,12,0
4810,-23,-12,-15,56,20,15,-36,-45,0
4815,-14,-12,-19,52,4,-7,-13,-23,0
4820,32,1,-3,-45,18,5,18,-10,0
4825,60,-5,8,-30,14,-13,6,-7,0
4830,-10,-41,1,50,-57,-8,-24,-21,0
4835,-51,-18,5,33,-5,0,-18,-24,0
4840,-22,0,2,-36,-57,12,1,15,0
4845,19,6,3,-13,17,22,-4,18,0
4850,-32,-8,-5,39,-54,15,-29,-32,0
4855,-56,-6,-9,30,-1,23,-12,-16,0
4860,11,0,-1,-18,13,8,4,6,0
4865,38,-2,2,-8,11,1,-1,-13,0
4870,-21,-26,-4,29,-37,-11,-16,-37,0
4875,-19,-20,12,28,-17,-1,-8,-14,0
4880,15,-5,2,-9,17,-20,2,8,0
4885,0,-8,-9,-11,-8,-23,-6,-16,0
4890,-36,-11,-2,-11,-24,-8,-21,-20,0
4895,-27,-1,5,20,-7,10,-10,3,0
4900,-3,4,-15,38,-58,-6,-1,-2,0
4905,-11,-7,-13,12,6,-4,-11,-13,0
4910,-17,-1,1,23,-31,12,-13,-20,0
4915,-6,-1,13,5,5,22,-5,-8,0
4920,2,-1,-9,-13,-43,11,1,-7,0
4925,-2,-13,-17,7,-20,-11,-8,-17,0
4930,-10,4,2,29,-25,7,-8,-15,0
4935,-11,0,15,10,-11,30,-3,-6,0
4940,-10,-5,-14,-6,-28,-3,-2,-4,0
4945,-11,-10,-17,3,-16,-19,-13,-13,0
4950,-12,4,3,12,-15,3,-5,-15,0
4955,-13,-1,16,31,0,24,-3,-4,0
4960,-3,-12,-19,-6,26,-25,-7,-8,0
4965,-3,-8,-17,-7,0,-24,-11,-16,0
4970,-3,-5,9,24,-8,7,-1,-14,0
4975,-4,-2,14,29,-20,21,-3,-6,0
4980,-3,-7,-21,-7,21,-22,-8,-9,0
4985,-17,-19,-17,24,-2,-29,-16,-23,0
4990,-8,3,3,26,-3,2,4,-9,0
4995,-8,5,20,5,-13,26,0,-3,0
5000,-13,-5,-13,-1,20,-25,-9,-14,0
5005,-19,-21,-26,27,5,-28,-21,-19,0
5010,2,-1,6,19,-11,4,5,-5,0
5015,2,9,13,19,-6,27,8,-9,0
5020,-7,-6,-10,-2,16,-15,-5,-11,0
5025,-16,-21,-13,20,-4,-27,-22,-24,0
5030,-5,14,11,28,-8,3,-2,-11,0
5035,-4,6,8,17,-7,16,-3,-8,0
5040,-10,-4,-4,4,14,-8,-12,-15,0
5045,-21,-26,-14,46,0,-8,-24,-29,0
5050,-9,-6,0,18,-4,10,-9,-9,0
5055,-6,-2,1,24,-4,2,-5,-13,0
5060,-12,-10,-1,16,6,-9,-13,-15,0
5065,-25,-23,-2,41,3,-8,-21,-27,0
5070,-8,-8,-3,16,-10,-5,-11,-12,0
5075,-6,-6,-8,28,-14,-4,-6,-10,0
5080,-8,-7,1,17,0,1,-7,-12,0
5085,-10,-11,1,-12,15,1,-11,-18,0
5090,-12,-6,0,20,-10,-2,-14,-11,0
5095,-8,1,-5,19,-16,1,-5,0,0
5100,-9,-8,-2,8,2,2,-8,-14,0
5105,-20,-17,1,-6,-38,1,-16,-23,0
5110,-9,-16,-5,20,-11,2,-12,-11,0
5115,-2,-2,-9,10,-27,-3,-3,-3,0
5120,-10,-8,2,14,-14,-3,-13,-16,0
5125,-22,-19,6,5,-32,-8,-17,-25,0
5130,-7,-12,0,8,-24,-8,-11,-9,0
5135,-1,1,-5,9,-27,-3,0,-4,0
5140,-11,-9,9,22,12,-8,-10,-14,0
5145,-15,-6,3,0,-29,2,-19,-22,0
5150,-6,4,-2,0,-25,1,-5,-10,0
5155,0,0,0,5,-37,6,3,-5,0
5160,-11,-8,-4,14,-3,-14,-11,-14,0
5165,-17,-12,-1,-1,-30,-10,-19,-24,0
5170,-2,5,-1,1,-30,0,8,-9,0
5175,-1,-4,1,13,-29,7,-6,-5,0
5180,-9,-7,-2,16,-13,-4,-7,-12,0
5185,-22,-17,1,37,21,1,-13,-17,0
5190,7,15,6,7,-14,-3,10,-6,0
5195,2,8,6,-26,-20,4,4,1,0
5200,-9,-15,-8,51,-8,0,-5,-11,0
5205,-15,-19,2,43,12,-2,-16,-20,0
5210,4,15,59,-97,-15,6,22,-3,0
5215,-2,13,122,-128,-18,4,12,0,0
5220,-8,-15,9,6,-23,-2,-13,-8,0
5225,-8,-8,-11,63,9,-4,-21,-16,0
5230,15,14,75,-59,-15,-1,17,-3,0
5235,1,3,120,-111,30,11,14,8,0
5240,-9,-22,-52,23,-6,-8,-17,-9,0
5245,-8,-19,-108,91,-44,6,-15,-12,0
5250,18,27,69,-36,127,1,18,4,0
5255,-1,35,81,-65,97,10,21,5,0
5260,-19,-36,-62,44,-118,-29,-34,-8,0
5265,-39,-82,-43,67,-128,-51,-71,-34,0
5270,35,63,-6,-49,0,54,67,35,0
5275,39,127,-128,-35,101,76,104,32,0
5280,-28,-123,-22,48,-69,-52,-104,-34,0
5285,-44,-104,77,21,-104,-36,-91,-50,0
5290,11,57,73,-25,50,9,44,23,0
5295,-7,127,93,19,110,39,127,29,0
5300,1,-97,-69,17,-78,-32,-68,-12,0
5305,2,-48,-2,44,-92,-31,-98,-45,0
5310,29,59,58,-30,59,63,81,29,0
5315,34,60,35,-31,103,49,127,15,0
5320,-23,-17,-35,-31,-66,-41,-94,-16,0
5325,-42,-47,40,-9,-46,1,-6,-37,0
5330,13,33,37,-9,35,23,93,16,0
5335,22,53,-92,14,51,48,-41,16,0
5340,-11,-21,127,62,-23,-6,2,-1,0
5345,18,1,127,31,-41,-3,29,-14,0
5350,-41,-60,-128,-35,20,2,-1,-13,0
5355,-12,-71,-127,-35,10,-35,19,2,0
5360,6,22,98,-5,-8,-8,-1,-17,0
5365,-33,41,125,15,-30,-18,-24,-17,0
5370,-24,-24,-82,-12,6,-5,7,-13,0
5375,-5,-121,-128,-58,-23,-60,-104,-15,0
5380,-5,62,74,20,3,51,20,1,0
5385,-2,50,90,6,0,67,47,-4,0
5390,-12,-20,-88,-1,-4,7,-26,-14,0
5395,-5,-55,-128,-29,-10,67,-65,0,0
5400,-5,35,66,21,9,34,36,1,0
5405,-23,-9,99,5,9,95,23,-15,0
5410,21,-46,-97,-20,-14,33,-64,0,0
5415,15,-8,-83,-25,-17,-93,-21,3,0
5420,-6,40,80,11,-9,52,56,-6,0
5425,-35,-12,51,-1,-17,63,-25,-16,0
5430,11,8,-72,-5,-1,16,-35,6,0
5435,10,-4,-36,-11,-3,-11,3,3,0
5440,-12,-9,32,-3,-8,14,19,-13,0
5445,-25,-14,23,-2,-14,6,-18,-17,0
5450,15,14,-45,-6,-3,47,-17,14,0
5455,10,3,-39,-8,0,76,2,3,0
5460,-18,-19,10,-9,-7,5,-3,-15,0
5465,-14,-6,20,7,-3,52,-4,-12,0
5470,19,4,-21,4,-4,50,1,6,0
5475,6,-17,-38,-5,-2,44,-20,-2,0
5480,-19,-5,5,-5,-2,62,0,-10,0
5485,-17,8,25,9,0,47,12,-13,0
5490,1,-5,-30,-2,-7,42,-11,-3,0
5495,-5,-10,-35,-3,0,43,-24,1,0
5500,-9,9,7,-3,-1,48,19,-8,0
5505,1,4,12,0,-2,46,10,-10,0
5510,4,-18,-30,-5,13,7,-14,-2,0
5515,6,-9,-25,-4,18,-22,-10,6,0
5520,-15,-2,10,2,6,73,13,-4,0
5525,-15,-10,1,0,-13,28,-6,-11,0
5530,4,-1,-25,5,-5,57,-14,-1,0
5535,11,-1,-14,3,-3,65,1,8,0
5540,-7,-6,-1,-1,-6,-21,6,-15,0
5545,-10,-10,-5,-5,-9,-18,-7,-13,0
5550,6,3,-19,-1,3,32,-14,-1,0
5555,10,5,-15,-5,8,75,-5,1,0
5560,2,1,-5,-4,3,-46,-3,-4,0
5565,-17,-11,-6,5,-6,76,-14,-22,0
5570,7,-1,-14,3,-1,37,-10,-2,0
5575,11,2,-14,-1,-2,36,-2,8,0
5580,-12,-2,-8,3,0,-5,-1,-6,0
5585,-18,-11,-41,-1,2,50,-9,-13,0
5590,-1,3,-11,3,-3,51,-9,-6,0
5595,1,3,-23,-2,1,0,1,7,0
5600,0,7,-9,4,0,-11,1,-6,0
5605,-9,-2,-34,-1,-6,41,-11,-17,0
5610,3,-5,-24,3,0,60,-10,-10,0
5615,8,11,-15,-2,-1,-19,3,6,0
5620,-10,-4,5,1,-5,30,1,-6,0
5625,-10,-5,-28,-4,1,41,-11,-10,0
5630,-5,-12,-20,-4,0,34,-15,-11,0
5635,1,-4,-8,-6,6,-34,4,2,0
5640,-4,-6,0,3,5,69,-2,-11,0
5645,-16,-10,-27,-2,1,49,-14,-11,0
5650,-10,-13,-18,-7,1,40,-9,-5,0
5655,4,5,-7,1,-5,-33,3,3,0
5660,-6,-4,-8,-2,-3,10,2,-2,0
5665,-14,-13,-22,-2,4,41,-12,-19,0
5670,-14,-13,-9,-7,-4,35,-11,-9,0
5675,11,7,-8,-4,-1,-26,4,5,0
5680,-4,0,-8,-3,-6,-2,3,-1,0
5685,-12,-10,-15,4,0,28,-6,-7,0
5690,-15,-18,-11,-6,-6,19,-14,-12,0
5695,7,5,-9,-5,-2,-30,2,6,0
5700,-3,0,-8,-2,-4,-2,3,-2,0
5705,-11,-7,-15,-6,-3,28,-7,-15,0
5710,-9,-12,-13,-3,-3,31,-14,-6,0
5715,5,5,-9,-4,-1,-16,10,9,0
5720,4,5,-5,0,3,-10,15,7,0
5725,-8,-4,-14,2,1,23,-6,-8,0
5730,-11,-6,-12,1,-2,29,-6,-7,0
5735,5,6,-5,2,2,-8,10,10,0
5740,12,12,-6,6,-1,-8,7,12,0
5745,-8,-1,-14,0,2,29,-4,-8,0
5750,-8,-7,-12,-4,-1,18,-6,-4,0
5755,11,11,-7,1,3,2,13,16,0
5760,5,3,-8,1,5,-2,6,8,0
5765,2,-3,-13,5,3,30,0,0,0
5770,4,2,-10,-2,2,12,-4,-4,0
5775,16,12,-8,4,6,7,14,11,0
5780,7,9,-8,3,1,5,7,-4,0
5785,-8,-8,-109,2,-2,27,-6,-5,0
5790,-2,2,-15,3,1,8,1,-1,0
5795,14,12,-14,8,11,7,19,24,0
5800,4,4,-11,1,1,7,4,1,0
5805,-4,-13,-93,-13,-7,30,-10,-11,0
5810,1,-2,-19,2,0,28,1,-2,0
5815,19,18,-19,5,7,5,18,13,0
5820,3,6,-10,8,6,10,6,4,0
5825,-7,-7,-77,-8,20,29,-6,-12,0
5830,-7,-10,-21,-2,-72,21,-3,-2,0
5835,10,9,25,17,-33,5,7,9,0
5840,12,10,-14,-4,89,7,10,9,0
5845,0,2,-61,-10,-96,24,-7,-5,0
5850,-5,-5,-14,1,-61,-59,-5,-2,0
5855,23,17,9,15,-100,-32,16,17,0
5860,7,4,-13,1,48,-14,9,6,0
5865,-3,-6,-49,1,-53,-128,-11,-11,0
5870,3,-6,-21,3,-68,-113,-7,-6,0
5875,15,13,3,5,64,55,14,23,0
5880,-1,-10,-13,1,68,89,10,6,0
5885,-11,-10,-39,10,118,-10,-3,-6,0
5890,-14,-7,-17,-1,24,-57,-11,-12,0
5895,0,8,9,-4,-42,-11,12,11,0
5900,-10,5,-11,-6,-69,26,-3,-1,0
5905,-14,6,-98,-4,-25,-49,-6,-10,0
5910,-16,-7,-23,-7,-18,-60,-27,-27,0
5915,10,5,127,-16,26,39,4,2,0
5920,12,5,-128,-21,-37,35,0,4,0
5925,48,-87,127,19,-58,-75,-12,-22,0
5930,-25,127,127,-70,46,34,-23,-26,0
5935,56,52,87,-82,35,11,18,35,0
5940,32,-125,-128,105,-32,7,10,0,0
5945,-63,79,60,-44,-6,46,2,-52,0
5950,31,44,127,-56,-69,-6,-28,-28,0
5955,22,121,76,-64,90,-48,19,18,0
5960,-3,72,-118,36,60,3,-7,19,0
5965,-30,-76,15,13,41,-4,-3,-23,0
5970,-5,-113,127,-57,-39,-33,-13,-28,0
5975,-22,-11,10,8,-128,15,12,8,0
5980,-41,-35,-36,63,-75,-89,6,16,0
5985,-4,-36,-124,-59,-71,-121,-23,-13,0
5990,-43,-50,-82,-71,-43,-54,-16,-17,0
5995,21,-93,-100,-73,-49,84,8,24,0
6000,-5,-63,-75,9,38,127,28,19,0
6005,43,93,92,94,-90,7,-23,-30,0
6010,-7,-25,127,78,-42,-124,-21,-26,0
6015,0,40,127,91,15,100,33,10,0
6020,57,62,127,21,69,122,29,14,0
6025,71,-5,117,30,38,13,-29,-4,0
6030,-22,-48,6,75,-55,-85,-27,-17,0
6035,-17,11,25,80,10,80,34,20,0
6040,10,67,-5,-20,22,101,22,13,0
6045,-30,-18,-121,6,-69,18,-23,-4,0
6050,-20,-20,-98,79,-14,-39,-21,-22,0
6055,23,55,-18,31,59,-79,14,17,0
6060,-3,39,10,-28,6,-92,15,8,0
6065,-81,-32,-52,-88,-25,-116,-13,-16,0
6070,-34,-60,-63,-36,-35,-42,-12,-20,0
6075,43,4,-34,-39,-41,4,15,15,0
6080,45,39,-49,50,19,13,9,13,0
6085,-16,-30,-39,-49,34,-10,-9,-15,0
6090,-26,-31,23,-72,-20,6,-6,-15,0
6095,34,0,42,-74,-14,16,21,12,0
6100,21,45,19,74,15,14,2,2,0
6105,6,31,14,-41,-52,22,-2,4,0
6110,-12,19,20,-76,-30,27,-4,-9,0
6115,6,8,39,-87,-3,8,13,17,0
6120,11,10,32,38,11,-11,5,0,0
6125,-39,-7,-4,-56,-44,-15,0,-9,0
6130,-14,-5,-48,-76,-17,5,-5,-8,0
6135,12,-9,-44,15,49,14,6,13,0
6140,11,12,-45,26,11,2,1,-2,0
6145,-7,-11,-48,-66,-32,2,-3,-12,0
6150,-12,-1,-21,-44,-34,-3,-5,-10,0
6155,20,-4,3,-19,-33,9,10,7,0
6160,10,23,4,5,11,8,4,2,0
6165,-12,11,-2,-46,-26,4,-10,-13,0
6170,-11,-15,17,-57,-16,8,-5,-11,0
6175,25,17,24,59,37,7,22,9,0
6180,11,8,22,-7,9,-15,-4,-2,0
6185,-14,-4,25,-21,-37,-7,-10,-6,0
6190,-8,-7,32,-40,-35,3,-11,-14,0
6195,23,23,26,58,29,1,9,5,0
6200,8,9,2,-96,-4,-8,0,-3,0
6205,-17,-15,-1,-35,-18,-5,-11,-8,0
6210,-20,-19,0,109,-26,-14,-10,-12,0
6215,13,19,4,28,17,2,8,5,0
6220,1,3,-4,-26,12,-6,-3,0,0
6225,-16,-16,-6,110,-26,0,-7,-13,0
6230,-13,-21,-11,80,-31,-5,-11,-11,0
6235,11,15,-14,103,16,2,5,2,0
6240,5,1,-15,21,-10,-8,-7,-6,0
6245,-10,-10,3,-73,-33,2,-10,-19,0
6250,-12,-15,18,-35,-19,5,-6,-12,0
6255,9,13,23,58,7,-14,3,0,0
6260,-8,4,13,15,-12,-24,-10,-12,0
6265,-14,-6,3,-3,-17,-1,2,-10,0
6270,-10,-17,-11,-45,-8,14,-7,-11,0
6275,6,9,-25,19,-9,-10,2,-2,0
6280,-4,-6,-30,10,-18,-22,-5,-5,0
6285,-9,-20,-23,19,-4,-1,-3,-7,0
6290,-10,-12,-13,-49,-9,9,-4,-4,0
6295,3,3,-30,-25,-7,-13,2,-1,0
6300,0,8,-43,54,-24,-26,-2,-1,0
6305,-11,-19,-32,-14,-2,7,2,1,0
6310,-7,-11,0,-73,-5,16,-1,-3,0
6315,-3,1,-17,-24,-4,-28,-4,-4,0
6320,2,6,-10,-16,-10,-21,5,-1,0
6325,-7,-4,0,69,-14,3,3,-8,0
6330,-4,-6,12,52,-11,17,-1,-5,0
6335,0,0,10,-62,-7,-2,0,2,0
6340,2,9,39,-107,5,0,3,-1,0
6345,-5,6,59,20,-14,8,-9,-12,0
6350,-5,-3,65,127,-21,18,-4,-9,0
6355,1,6,23,-97,-53,-3,3,1,0
6360,0,4,9,-128,-7,12,5,-1,0
6365,1,-1,14,114,-18,10,-20,-25,0
6370,-3,-4,11,127,-12,8,-8,-11,0
6375,1,-2,-32,-81,-45,-17,7,0,0
6380,-1,-8,-42,-128,-13,-18,4,0,0
6385,-1,-3,-23,94,-12,-7,-22,-20,0
6390,-1,1,2,127,-4,-4,-8,-11,0
6395,-2,-10,-90,-74,-37,-26,7,-1,0
6400,-3,-14,-98,-105,-32,-8,4,-7,0
6405,7,6,8,76,-4,4,-29,-21,0
6410,0,4,-20,72,-2,1,-11,-12,0
6415,-5,-3,-35,23,-32,11,5,-1,0
6420,-3,4,-32,-12,-17,19,4,-13,0
6425,0,35,-1,14,-5,-12,-34,-21,0
6430,-6,7,-25,-47,-3,-51,-10,-5,0
6435,6,-8,-36,-75,-27,18,-1,-2,0
6440,0,-17,-19,-6,-11,22,-1,-15,0
6445,8,-9,-33,39,-12,11,-26,0,0
6450,-3,8,-73,86,120,-12,-18,-13,0
6455,-7,2,-21,4,19,15,-2,-6,0
6460,-11,-4,116,-29,-128,28,-14,-7,0
6465,2,-48,111,16,127,18,-27,95,0
6470,-3,-22,118,14,127,3,-8,36,0
6475,-1,-128,40,18,-71,70,-3,-18,0
6480,-17,29,-59,-10,-128,14,-29,-32,0
6485,127,-56,24,35,75,12,-25,8,0
6490,-16,14,2,55,127,24,-10,-24,0
6495,11,27,58,-3,-61,-75,-7,-5,0
6500,-2,-26,60,-40,-128,-44,-26,-19,0
6505,64,-42,-66,-4,70,36,-20,-67,0
6510,127,-5,74,63,107,103,-4,-3,0
6515,26,28,-64,-21,-87,-93,-17,-18,0
6520,-103,-54,-67,-29,-101,-92,-21,-34,0
6525,-79,56,47,40,80,40,28,7,0
6530,-51,49,87,72,125,120,-8,-18,0
6535,-33,-7,-21,-41,-84,-28,-16,1,0
6540,12,3,-71,-13,-58,-16,-22,-36,0
6545,19,51,26,66,99,18,16,73,0
6550,21,48,67,35,79,121,11,11,0
6555,-53,-63,-18,-28,-74,-79,-14,-27,0
6560,-67,-49,-28,-10,-42,-113,-35,-9,0
6565,-16,14,16,-5,41,3,30,12,0
6570,33,30,21,-7,44,63,20,13,0
6575,0,70,-35,-20,-24,-54,-17,-23,0
6580,-70,-83,-1,21,-18,-39,-28,-27,0
6585,11,15,-16,-47,-14,13,32,48,0
6590,2,1,-50,-14,25,-19,9,7,0
6595,-50,-57,-7,23,2,-21,-16,-19,0
6600,5,-12,27,31,-16,-11,-33,-30,0
6605,44,40,-18,-49,-20,-24,25,25,0
6610,-3,3,-48,-50,13,-17,18,14,0
6615,-74,-3,22,-3,-13,-9,-11,-38,0
6620,-27,-24,36,10,-5,7,-39,-41,0
6625,32,19,-34,-32,-16,10,22,35,0
6630,47,27,-43,3,1,33,28,29,0
6635,-42,-14,42,43,-8,4,-32,-34,0
6640,-41,-62,34,18,-8,-18,-42,-44,0
6645,-29,-13,-19,-24,-7,-31,21,27,0
6650,3,20,-28,-44,-7,-16,43,37,0
6655,-29,-13,29,4,-16,-1,-32,-55,0
6660,-13,-7,23,44,6,7,-52,-49,0
6665,33,29,-14,-15,-26,8,13,28,0
6670,32,38,-37,-51,-12,-7,43,45,0
6675,-29,-8,27,30,9,-5,-45,-58,0
6680,-43,-27,29,29,18,8,-34,-38,0
6685,3,10,-3,-21,-13,17,22,25,0
6690,40,13,-26,-44,-30,-28,38,43,0
6695,-44,-26,20,35,25,13,-40,-69,0
6700,-39,-23,19,41,23,13,-34,-34,0
6705,16,13,-8,-2,-14,-3,16,32,0
6710,38,23,-26,-47,-38,3,37,52,0
6715,-47,-8,21,26,11,13,-43,-52,0
6720,-41,-33,16,31,38,9,-39,-46,0
6725,0,-4,-19,-20,-15,-21,14,24,0
6730,25,-2,-23,-31,-45,-14,32,33,0
6735,-28,-29,21,24,19,20,-33,-38,0
6740,-11,-19,12,35,24,-3,-30,-29,0
6745,21,11,-9,-7,-20,-10,16,7,0
6750,18,8,-17,-34,-40,-23,32,34,0
6755,-42,-15,15,15,19,8,-32,-34,0
6760,-35,-23,6,16,25,17,-29,-30,0
6765,-1,9,-2,-8,-6,5,12,10,0
6770,25,38,-13,-19,-41,-31,27,30,0
6775,-16,-13,9,21,19,3,-28,-31,0
6780,-16,-24,7,21,38,26,-17,-22,0
6785,14,18,-2,3,-3,6,14,13,0
6790,21,18,-9,-26,-34,-34,26,28,0
6795,-32,-10,4,-8,17,11,-21,-25,0
6800,13,-11,3,3,20,20,-22,-22,0
6805,26,18,1,-5,-13,-12,9,4,0
6810,12,7,-7,-24,-19,-6,21,15,0
6815,-19,-7,6,6,15,-2,-24,-17,0
6820,-8,-8,0,9,23,12,-6,-13,0
6825,5,-2,-5,3,-10,0,9,4,0
6830,9,1,-4,2,-21,-14,21,16,0
6835,-9,-17,3,11,16,8,-23,-22,0
6840,-34,-22,-2,8,9,14,-23,4,0
6845,-8,4,-4,-14,-2,-27,16,1,0
6850,26,13,-3,-30,-21,13,29,-57,0
6855,-18,-5,12,14,-7,30,-23,-22,0
6860,-3,4,0,-9,11,4,-13,11,0
6865,-21,-10,-5,13,9,22,12,26,0
6870,-26,-5,-4,1,-16,4,19,33,0
6875,-15,-11,-1,-17,14,-13,-18,-44,0
6880,-3,1,4,6,2,0,-6,-35,0
6885,25,5,-2,4,-9,14,15,2,0
6890,39,17,-1,4,4,-23,14,44,0
6895,-49,-2,-2,24,11,21,-16,22,0
6900,-13,0,11,-11,-2,1,-6,-3,0
6905,26,5,-6,-16,-15,-15,6,-16,0
6910,9,-9,-7,7,9,3,6,4,0
6915,-5,-22,6,8,6,-8,-7,2,0
6920,-17,-7,5,-8,5,2,1,-16,0
6925,5,9,-7,-12,-12,1,-2,-5,0
6930,28,10,-1,-8,-4,12,3,12,0
6935,5,-3,3,8,11,8,-5,5,0
6940,-36,-7,-1,4,0,5,4,3,0
6945,-24,-10,-10,-4,-17,-16,-3,-13,0
6950,-18,-13,-12,1,-4,-17,-6,4,0
6955,-2,-8,10,5,13,9,3,12,0
6960,15,4,-1,7,-5,0,-1,4,0
6965,-6,15,-5,-10,-8,-6,-6,-11,0
6970,2,13,-1,11,-4,-23,-8,-10,0
6975,12,-21,0,1,10,-9,4,10,0
6980,-13,-4,1,-5,-13,20,2,0,0
6985,-1,-30,-9,-5,-7,-5,-9,-17,0
6990,-12,-35,-7,3,-8,-2,0,-2,0
6995,11,3,8,-20,4,7,2,9,0
7000,12,18,0,14,11,-4,3,14,0
7005,6,26,-13,-13,3,19,-6,0,0
7010,-4,22,-3,-8,-27,-19,-1,-9,0
7015,-19,-41,-3,9,2,-5,9,1,0
7020,-22,-39,-2,0,12,7,7,16,0
7025,2,26,1,2,0,-12,-4,-14,0
7030,26,34,2,-8,-13,-2,-7,4,0
